objid,bands,pid1,pid2
1237668297133654666,i,1237668297133655019,1237668297133655019
1237667550883348554,g,1237667550883348554,1237667550883348554
1237667911660273823,r,1237667911660273823,1237667911660273825
1237667550346608940,gi,1237667550346608940,1237667550346608940
1237668292835737708,ri,1237668292835737708,1237668292835737708
1237668293372543224,ri,1237668293372543224,1237668293372543224
1237668293372543796,i,1237668293372543796,1237668293372543796
1237668292835475673,g,1237668292835475673,1237668292835475673
1237668293372346501,u,1237668293372346501,1237668293372346501
1237667915413192948,i,1237667915413192948,1237667915413192949
1237668293372477663,gr,1237668293372477663,1237668293372477664
1237668292298473544,g,1237668292298473544,1237668292298473544
1237668292298473581,gr,1237668292298473581,1237668292298473582
1237667914876125372,g,1237667914876125372,1237667914876125375
1237667914875994607,r,1237667914875994607,1237667914875994607
1237668293372149787,ri,1237668293372149787,1237668293372149787
1237668293372149960,gi,1237668293372149960,1237668293372149961
1237667914875994141,gri,1237667914875994141,1237667914875994141
1237668590802174147,g,1237668590802174148,1237668590802174151
1237668590265368661,i,1237668590265368661,1237668590265368661
1237668296598946332,i,1237668296598946332,1237668296598946333
1237668591339111163,u,1237668591339111687,1237668591339111163
1237668270823178311,ri,1237668270823178311,1237668270823178312
1237668270823047343,gri,1237668270823047343,1237668270823047343
1237668590802305162,ri,1237668590802305166,1237668590802305166
1237668590265499838,i,1237668590265499838,1237668590265499838
1237668590265630762,ri,1237668590265630768,1237668590265630762
1237668590802567349,ri,1237668590802567349,1237668590802567351
1237668625702584486,i,1237668625702584486,1237668625702584488
1237668591339372649,u,1237668591339372692,1237668591339372691
1237668591339438265,u,1237668591339438754,1237668591339438267
1237668590265893145,gri,1237668590265893145,1237668590265893148
1237668590265827486,g,1237668590265827486,1237668590265827487
1237668591339569303,gri,1237668591339569303,1237668591339569305
1237662695957987553,u,1237662695957987553,1237662695957987553
1237662695958184198,u,1237662695958184198,1237662695958184198
1237665103289188541,ui,1237665103289188541,1237665103289188544
1237658491734720639,r,1237658491734720639,1237658491734720639
1237658491734720636,u,1237658491734720636,1237658491734720709
1237658491734720780,gri,1237658491734720780,1237658491734720780
1237658491734589535,i,1237658491734589535,1237658491734589536
1237667429023678525,g,1237667429023678555,1237667429023678592
1237667429023679273,r,1237667429023679273,1237667429023679275
1237667430097617093,ri,1237667430097617093,1237667430097617093
1237667430097617055,g,1237667430097617055,1237667430097617058
1237667430097420488,gi,1237667430097420488,1237667430097420490
1237667292656828567,g,1237667292656828567,1237667292656828567
1237667430097485913,i,1237667430097485913,1237667430097485914
1237667430097354879,gr,1237667430097354879,1237667430097354879
1237667430097420533,i,1237667430097420533,1237667430097420535
1237667292119957515,ri,1237667292119957515,1237667292119957516
1237667293193633918,ri,1237667293193633918,1237667293193633918
1237667293193633887,gr,1237667293193633887,1237667293193633887
1237667292656632002,u,1237667292656632002,1237667292656632003
1237667292119826523,g,1237667292119826523,1237667292119826526
1237667429560418605,r,1237667429560418605,1237667429560418606
1237667430097092719,g,1237667430097092719,1237667430097092719
1237667293193437328,g,1237667293193437328,1237667293193437328
1237667429023416335,i,1237667429023416779,1237667429023416779
1237667292656566408,ri,1237667292656566408,1237667292656566409
1237667252927856825,i,1237667252927856826,1237667252927856825
1237667252927922241,i,1237667252927922241,1237667252927922242
1237667252927922332,u,1237667252927922332,1237667252927922332
1237664818209685630,ri,1237664818209685630,1237664818209685630
1237664817672683819,g,1237664817672683819,1237664817672683821
1237664337177346075,ugri,1237664337177346071,1237664337177346075
1237664818746753125,u,1237664818746753156,1237664818746753211
1237664817672880438,g,1237664817672880438,1237664817672880438
1237664337714544751,u,1237664337714544751,1237664337714544751
1237664818746818637,i,1237664818746818637,1237664818746818637
1237664818209882275,i,1237664818209882275,1237664818209882276
1237664817673142598,i,1237664817673142598,1237664817673142598
1237664817673142350,gri,1237664817673142402,1237664817673142392
1237664337177673918,i,1237664337177673918,1237664337177673969
1237664817673142511,u,1237664817673142511,1237664817673142511
1237664817673207876,g,1237664817673207876,1237664817673207876
1237664818746884214,ri,1237664818746884214,1237664818746884214
1237664819283820685,i,1237664819283820685,1237664819283820685
1237664818746818670,i,1237664818746818670,1237664818746818670
1237664337714544785,i,1237664337714544785,1237664337714545287
1237664337177870473,gri,1237664337177870473,1237664337177870474
1237664817673273519,g,1237664817673273519,1237664817673273519
1237664336640934004,i,1237664336640934004,1237664336640934004
1237664337177936013,ri,1237664337177936013,1237664337177936017
1237664337177936056,u,1237664337177936056,1237664337177936056
1237664338251678475,i,1237664338251678475,1237664338251678475
1237664338251743242,ugr,1237664338251743242,1237664338251743242
1237665024909181024,i,1237665024909181024,1237665024909181025
1237665025982464195,i,1237665025982464195,1237665025982464196
1237665025982529612,g,1237665025982529612,1237665025982529612
1237664818755076283,r,1237664818755076283,1237664818755076283
1237664672179093790,r,1237664672179093790,1237664672179093792
1237664672178962768,i,1237664672178962770,1237664672178962771
1237664818755076234,gri,1237664818755076234,1237664818755076235
1237664817681203347,i,1237664817681203347,1237664817681203348
1237664818755207332,gr,1237664818755207332,1237664818755207339
1237664818755141740,gri,1237664818755141739,1237664818755141740
1237664672716095621,i,1237664672716095620,1237664672716095621
1237664818218336358,u,1237664818218336358,1237664818218336358
1237665026519466182,i,1237665026519466182,1237665026519466183
1237664818218467465,gr,1237664818218467465,1237664818218467467
1237664818218402077,gri,1237664818218402077,1237664818218402078
1237664672179224690,r,1237664672179224690,1237664672179224690
1237664818755338362,gri,1237664818755338362,1237664818755338362
1237664672179421315,gri,1237664672179421315,1237664672179421316
1237664817681596510,g,1237664817681596510,1237664817681596512
1237664817681531017,i,1237664817681531017,1237664817681531017
1237667252928643257,i,1237667252928643257,1237667252928643258
1237667293731225734,i,1237667293731225734,1237667293731225735
1237667431171752202,gr,1237667431171752202,1237667431171752202
1237667252928708879,u,1237667252928708879,1237667252928708879
1237667430635077704,r,1237667430635077705,1237667430635077705
1237667430635143348,ri,1237667430635143348,1237667430635143350
1237667210516365516,g,1237667210516365516,1237667210516365516
1237667252929036453,g,1237667252929036453,1237667252929036453
1237667293731684380,ugri,1237667293731684380,1237667293731684381
1237667430635340034,i,1237667430635340034,1237667430635340035
1237667431172472968,g,1237667431172472968,1237667431172472971
1237667209979625630,g,1237667209979625630,1237667209979625630
1237667293195206837,ri,1237667293195206836,1237667293195206838
1237667430099058761,ri,1237667430099058761,1237667430099058762
1237667292643590296,i,1237667292643590293,1237667292643590293
1237667292643459702,u,1237667292643459702,1237667292643459705
1237667429547181128,i,1237667429547181128,1237667429547181130
1237667430084444224,i,1237667430084444229,1237667430084444226
1237667430084313249,u,1237667430084313249,1237667430084313259
1237667209965142849,ri,1237667209965142849,1237667209965142848
1237667430084314014,r,1237667430084314014,1237667430084314014
1237667292643459636,u,1237667292643459636,1237667292643459637
1237667430621053598,r,1237667430621053598,1237667430621053603
1237667209964945914,u,1237667209964945914,1237667209964945914
1237667292643328460,i,1237667292643328463,1237667292643328460
1237667292643263258,gi,1237667292643263258,1237667292643263258
1237667253451096595,i,1237667253451096588,1237667253451096588
1237667211575623904,i,1237667211575623881,1237667211575623881
1237667211038556230,g,1237667211038556230,1237667211038556231
1237667106885796346,i,1237667106885796346,1237667106885796347
1237667254525427862,i,1237667254525429295,1237667254525427863
1237667253988295281,r,1237667253988295281,1237667253988295281
1237667211576017359,ri,1237667211576017359,1237667211576017359
1237667211575951510,r,1237667211575951539,1237667211575951539
1237667106886320283,i,1237667106886320283,1237667106886320283
1237667211038884400,g,1237667211038884400,1237667211038884400
1237667210502013550,gr,1237667210502013550,1237667210502013550
1237673709330498160,r,1237673709330498160,1237673709330498160
1237674460412773596,r,1237674460412772500,1237674460412772500
1237674461486842693,i,1237674461486843010,1237674461486843010
1237665566071652560,g,1237665566071652560,1237665566071652561
1237665566608523412,i,1237665566608523412,1237665566608523415
1237667911680393420,gr,1237667911680393420,1237667911680393420
1237667912217526447,gri,1237667912217526447,1237667912217526447
1237665566608719979,gr,1237665566608719979,1237665566608719979
1237665566071980291,i,1237665566071980292,1237665566071980291
1237665567145525391,gri,1237665567145525393,1237665567145525391
1237667912217591884,g,1237667912217591884,1237667912217591884
1237667912217723033,gri,1237667912217723033,1237667912217723034
1237665566609047708,i,1237665566609047708,1237665566609047718
1237665566609178837,g,1237665566609178837,1237665566609178837
1237667912754659466,ri,1237667912754659466,1237667912754659466
1237665567145853053,g,1237665567145853053,1237665567145853053
1237667966957125688,gri,1237667966957125678,1237667966957125688
1237667966957125743,gri,1237667966957125743,1237667966957125743
1237665566073290959,gri,1237665566073290959,1237665566073290959
1237667966957125858,u,1237667966957125858,1237667966957125858
1237665566610162042,i,1237665566610162061,1237665566610162043
1237665566610227286,gri,1237665566610227289,1237665566610227286
1237665565535240442,g,1237665565535240442,1237665565535240442
1237654872144478357,i,1237654872144478357,1237654872144478357
1237648720143581685,r,1237648720143581686,1237648720143581687
1237654872144806035,i,1237654872144806034,1237654872144806034
1237654871609246482,i,1237654871609246021,1237654871609246021
1237654872146117286,i,1237654872146117286,1237654872146117286
1237651497370648878,ri,1237651497370649646,1237651497370715002
1237663547438072520,i,1237663547438072520,1237663547438072785
1237663547975336488,r,1237663547975336488,1237663547975336489
1237663547975336047,i,1237663547975336055,1237663547975336046
1237663547438531201,i,1237663547438531201,1237663547438531201
1237662267541356753,i,1237662267541356753,1237662267541356754
1237662267004223875,i,1237662267004223875,1237662267004223875
1237654881820410326,gr,1237654881820410332,1237654881820410326
1237655744024084743,gri,1237655744024084743,1237655744024084743
1237662267541029172,ri,1237662267541029171,1237662267541029172
1237662267541160237,g,1237662267541160237,1237662267541160237
1237655742950146077,gr,1237655742950146073,1237655742950146077
1237662267540897942,ri,1237662267540897962,1237662267540897942
1237655744023757129,ri,1237655744023757129,1237655744023757130
1237662267540898309,ri,1237662267540898309,1237662267540898309
1237662267003896247,ri,1237662267003896247,1237662267003896247
1237662268614443330,i,1237662268614443356,1237662268614443353
1237662268614443467,uri,1237662268614443467,1237662268614443465
1237655744024019013,i,1237655744024019575,1237655744024019575
1237655744024084614,i,1237655744024150027,1237655744024150027
1237655744024150201,i,1237655744024150201,1237655744024150201
1237662268078031260,ri,1237662268078031260,1237662268078031260
1237655744024281262,gri,1237655744024281262,1237655744024281262
1237662236415426656,i,1237662236415426656,1237662236415426656
1237662268615032976,i,1237662268615032976,1237662268615032980
1237662268615163969,ri,1237662268615163968,1237662268615163969
1237653586334122582,i,1237653586334122582,1237653586334122582
1237654654173380933,r,1237654654173380933,1237654654173380933
1237655108895834205,r,1237655108895834213,1237655108895834213
1237654389493071966,i,1237654389493071965,1237654389493071966
1237654390030009045,i,1237654390030009045,1237654390030009045
1237653587407798743,ri,1237653587407798743,1237653587407798743
1237666338653732900,gri,1237666338653732899,1237666338653732900
1237663783669465292,u,1237663783669465294,1237663783669465292
1237663785280143456,gri,1237663785280143456,1237663785280143816
1237663785280143386,gri,1237663785280143386,1237663785280143397
1237663784743207095,ri,1237663784743207095,1237663784743207095
1237678617426985088,i,1237678617426985089,1237678617426985088
1237678617426985072,gri,1237678617426985072,1237678617426985072
1237666339727540588,i,1237666339727540588,1237666339727540588
1237663785280340159,g,1237663278473871482,1237663785280340159
1237663204923408523,g,1237663204923408523,1237663204923408523
1237678617427116130,i,1237678617427116130,1237678617427116130
1237663785280405576,ugr,1237663785280405576,1237663785280405576
1237663784206467245,gri,1237663784206467245,1237663784206467245
1237678617427181717,g,1237678617427181717,1237678617427181717
1237663785280471143,i,1237663785280471143,1237663785280471143
1237663784743403730,g,1237663784743403730,1237663784743403730
1237663204923342951,r,1237663204923342951,1237663204923342951
1237651192427708727,i,1237651192427708727,1237651192427708728
1237651192427577504,ri,1237651192427577503,1237651192427577504
1237651271883358265,i,1237651271883358265,1237651271883358265
1237651271883423892,ri,1237651271883423892,1237651271883423893
1237651192427970840,i,1237651192427970840,1237651192427970840
1237651252018741395,i,1237651252018741395,1237651252018741395
1237651252019200305,i,1237651252019200305,1237651252019200306
1237651252018806974,gri,1237651252018806973,1237651252018806974
1237651191891034414,g,1237651191891034414,1237651191891034414
1237651251482198294,g,1237651251482198294,1237651251482198294
1237651252019331199,i,1237651252019331201,1237651252019331199
1237651250945327307,i,1237651250945327307,1237651250945327307
1237651250945196067,i,1237651250945196067,1237651250945196067
1237651250945327292,gri,1237651250945327292,1237651250945327292
1237651191354163396,i,1237651191354163406,1237651191354163406
1237651191354425747,r,1237651191354425747,1237651191354425747
1237651250408521865,i,1237651250408521865,1237651250408521872
1237651190817751234,i,1237651190817751234,1237651190817751235
1237651250945589422,u,1237651250945589422,1237651250945589422
1237651190817620082,ug,1237651190817620082,1237651190817620082
1237651252020314307,i,1237651252020314307,1237651252020314309
1237651192429412613,ri,1237651192429412613,1237651192429412613
1237654626789294436,i,1237654626789294436,1237654626789294436
1237654653098131777,g,1237654653098131777,1237654653098131777
1237654626789425586,ug,1237654626789425586,1237654626789425586
1237654627326361732,i,1237654627326361736,1237654627326361732
1237654652024390067,i,1237654652024390067,1237654652024390068
1237657609107472617,gri,1237657609107472617,1237657609107472617
1237654652561326391,i,1237654652561326391,1237654652561326391
1237654652561391940,u,1237654652561391940,1237654652561391940
1237657609108259251,gri,1237657609108259251,1237657609108259251
1237657596223619141,u,1237657596223619195,1237657596223619162
1237657596223160723,g,1237657596223160723,1237657596223160722
1237654626790080938,i,1237654626790080938,1237654626790080940
1237654652024848719,gri,1237654652024848719,1237654652024848719
1237657596223422826,gri,1237657596223422826,1237657596223422826
1237654626790146291,g,1237654626790146291,1237654626790146291
1237657596223291755,i,1237657596223291755,1237657596223291755
1237654652024521006,i,1237654652024521431,1237654652024521006
1237654626789884215,u,1237654626789884215,1237654626789884215
1237654652561719632,u,1237654652561719637,1237654652561719639
1237654627326951798,i,1237654627326951798,1237654627326951798
1237654652561654026,u,1237654652561654026,1237654652561654026
1237648722297749679,g,1237648722297749679,1237648722297749679
1237674650995523587,gri,1237674650995523587,1237674650995523593
1237648721760616586,i,1237648721760616586,1237648721760616586
1237648722834686147,i,1237648722834686147,1237648722834686146
1237674650995851368,gri,1237674650995851368,1237674650995851368
1237648722297946314,g,1237648722297946314,1237648722297946314
1237648722298011819,gri,1237648722298011819,1237648722298011819
1237648721224204454,gri,1237648721224204454,1237648721224204454
1237674650459111501,i,1237674650459111535,1237674650459111501
1237674650459046139,g,1237674650459046139,1237674650459046139
1237648722834882675,i,1237648722834882675,1237648722834882677
1237674650459177119,gri,1237674650459177119,1237674650459177119
1237674650996310249,r,1237674650996310249,1237674650996310249
1237674651533115412,i,1237674651533115414,1237674651533115414
1237648722835079346,i,1237648722835079346,1237648722835079347
1237674650459439236,i,1237674650459439519,1237674650459439520
1237648722298405041,u,1237648722298405041,1237648722298405041
1237654391643701267,ri,1237654391643701267,1237654391643701267
1237653589021753516,gr,1237653589021753516,1237653589021753517
1237653588484685929,ugri,1237653588484685929,1237653588484685931
1237654390569763009,ri,1237654390569763009,1237654390569763011
1237654390569828388,ri,1237654390569828388,1237654390569828390
1237654390569631989,u,1237654390569631989,1237654390569631989
1237654390569697302,i,1237654390569697302,1237654390569697302
1237654391643832644,u,1237654391643832644,1237654391643832644
1237654391107027137,i,1237654391107027137,1237654391107027137
1237654385732157585,i,1237654385732157585,1237654385732157589
1237654390570156200,i,1237654390570156200,1237654390570156202
1237654654176788671,ri,1237654654176788671,1237654654176788672
1237654654176788683,i,1237654654176788683,1237654654176788686
1237654654176657872,ri,1237654654176657872,1237654654176657872
1237654654176460951,ri,1237654654176460951,1237654654176460952
1237654654176460878,i,1237654654176460878,1237654654176460878
1237654390033612936,ri,1237654390033612940,1237654390033612940
1237654654176854138,gr,1237654654176854138,1237654654176854139
1237654381974257795,r,1237654381974257795,1237654381974257795
1237654390570418446,u,1237654390570418446,1237654390570418446
1237660239778087125,ri,1237660239778087125,1237660239778087125
1237660239778087065,ri,1237660239778087065,1237660239778087066
1237666300019802287,r,1237666300019803055,1237666300019803055
1237660239777890554,r,1237660239777890554,1237660239777890554
1237660241925439591,gri,1237660241925439591,1237660241925439593
1237660241925701648,r,1237660241925701647,1237660241925701648
1237667255607492764,g,1237667255607492764,1237667255607492764
1237667111720714291,i,1237667111720714296,1237667111720714291
1237667111720648786,u,1237667111720648786,1237667111720648786
1237667112257650907,u,1237667112257650908,1237667112257650909
1237667429018304625,ri,1237667429018304625,1237667429018304626
1237667292114911407,i,1237667292114911407,1237667292114911407
1237667430092439706,gr,1237667430092439706,1237667430092439706
1237667429018239045,r,1237667429018239045,1237667429018239045
1237667429555110073,i,1237667429555110073,1237667429555110073
1237667292114387095,i,1237667292114387095,1237667292114387101
1237667429554979043,gri,1237667429554979043,1237667429554979062
1237667292651454636,g,1237667292651454636,1237667292651454636
1237667292114321633,ri,1237667292114321633,1237667292114321633
1237667430091916045,i,1237667430091916045,1237667430091916046
1237667430091915287,r,1237667430091915323,1237667430091915323
1237667430091915625,u,1237667430091915625,1237667430091915625
1237667430091915472,gr,1237667430091915472,1237667430091915472
1237667430628851949,ri,1237667430628851949,1237667430628852707
1237667293188194648,ri,1237667293188194648,1237667293188194648
1237667292651127016,ri,1237667292651127016,1237667292651127016
1237665428103561465,u,1237665428103561466,1237665428103561466
1237665428103627048,ri,1237665428103627048,1237665428103627048
1237665428103626927,i,1237665428103626927,1237665428103626934
1237665428639907983,g,1237665428639907983,1237665428639907984
1237665428103299253,ri,1237665428103299253,1237665428103299254
1237665442066071797,gri,1237665442066071797,1237665442066071797
1237665428639973594,gri,1237665428639973594,1237665428639973595
1237665428103299234,gri,1237665428103299233,1237665428103299234
1237665441529200660,g,1237665441529200660,1237665441529200660
1237665178990346449,gri,1237665178990346449,1237665178990346450
1237665178453606659,ri,1237665178453606659,1237665178453606662
1237665429713780966,gri,1237665429713780966,1237665429713846350
1237665371717959846,gri,1237665371717959846,1237665371717959847
1237665373328769273,g,1237665373328769273,1237665373328769273
1237665178990608578,ri,1237665178990608578,1237665178990608580
1237665178990608689,i,1237665178990608689,1237665178990608689
1237665179527413888,i,1237665179527413888,1237665179527413888
1237665372255158591,ri,1237665372255158596,1237665372255158596
1237665371718287590,ri,1237665371718287590,1237665371718287591
1237665372255223945,u,1237665372255223945,1237665372255223945
1237665372255223918,gr,1237665372255223918,1237665372255223918
1237665178453868806,g,1237665178453868806,1237665178453868806
1237665367434461205,ri,1237665367434461208,1237665367434461205
1237667255621058660,ugri,1237667255621058660,1237667255621058660
1237665329310269554,i,1237665329310269554,1237665329310269554
1237665367971332177,g,1237665367971332177,1237665367971332177
1237665329309941880,ri,1237665329309941880,1237665329309941880
1237665329846878394,g,1237665329846878394,1237665329846878394
1237665329309876341,i,1237665329309876341,1237665329309876343
1237665328772939974,g,1237665328772939974,1237665328772939974
1237667255620796548,g,1237667255620796548,1237667255620796549
1237665367970938884,i,1237665367970938890,1237665367970938890
1237665329846747163,gi,1237665329846747163,1237665329846747163
1237665367434068057,i,1237665367434068057,1237665367434068054
1237665367434002574,g,1237665367434002574,1237665367434002575
1237665367434068156,ri,1237665367434068253,1237665367434068253
1237665329846550648,i,1237665329846550648,1237665329846550651
1237665368507482227,ri,1237665368507482227,1237665368507482228
1237665329846354001,i,1237665329846354001,1237665329846354001
1237665329846288576,r,1237665329846288576,1237665329846288576
1237667255620468920,i,1237667255620468920,1237667255620468921
1237665367433740426,ri,1237665367433740481,1237665367433740481
1237665369044484176,i,1237665369044484176,1237665369044484178
1237665331457425465,i,1237665331457425465,1237665331457425466
1237662224617963756,r,1237662224617963756,1237662224617963756
1237662661599428816,ri,1237662661599428816,1237662661599428816
1237662661599363236,ri,1237662661599363236,1237662661599363239
1237662661599035537,g,1237662661599035537,1237662661599035538
1237662661598904471,u,1237662661598904471,1237662661598904471
1237662662672711813,gri,1237662662672711814,1237662662672711813
1237662662672646231,gri,1237662662672646231,1237662662672646231
1237662662672515191,ri,1237662662672515192,1237662662672515191
1237662663746453553,i,1237662663746453574,1237662663746453553
1237662225154572510,gri,1237662225154572510,1237662225154572511
1237662662672777379,r,1237662662672777379,1237662662672777379
1237662225154703536,i,1237662225154703536,1237662225154703536
1237664337707401307,ugri,1237664337707401307,1237664337707401307
1237664878343553220,g,1237664878343554138,1237664878343554138
1237664337707335790,ri,1237664337707335789,1237664337707335790
1237664337707270204,ri,1237664337707270204,1237664337707270204
1237664337707139151,r,1237664337707139155,1237664337707139151
1237664871901233350,i,1237664871901233350,1237664871901233351
1237664871901102199,g,1237664871901102199,1237664871901102199
1237664878879834160,i,1237664878879834158,1237664878879834160
1237664871364427884,u,1237664871364427884,1237664871364427884
1237664878343225401,i,1237664878343225401,1237664878343225401
1237664871364296820,i,1237664871364296819,1237664871364296820
1237664337169940585,i,1237664337169940584,1237664337169940585
1237664337169940638,r,1237664337169940638,1237664337169940638
1237664871900577859,gri,1237664871900577858,1237664871900577859
1237664871900643447,ri,1237664871900643447,1237664871900643447
1237667322714849380,i,1237667322714849380,1237667322714849383
1237667322177585170,i,1237667322177585170,1237667322177585170
1237667322714652800,g,1237667322714652800,1237667322714652800
1237667322714718320,g,1237667322714718320,1237667322714718320
1237667322714587289,ri,1237667322714587289,1237667322714587290
1237667323251327166,gri,1237667323251327166,1237667323251327167
1237667322177519752,ri,1237667322177519752,1237667322177519752
1237667429569069166,i,1237667429569069167,1237667429569069167
1237667321640583313,ug,1237667321640583313,1237667321640583314
1237667322177519773,g,1237667322177519773,1237667322177519773
1237667322177585264,gr,1237667322177585264,1237667322177585264
1237667429569134697,gr,1237667429569134697,1237667429569134698
1237667321640517757,ug,1237667321640517757,1237667321640517760
1237661813877309487,gi,1237661813877309487,1237661813877309490
1237657611266752642,g,1237657611266752935,1237657611266752642
1237661352169701445,ri,1237661352169701447,1237661352169701447
1237657611266621645,g,1237657611266621645,1237657611266621647
1237661352169635982,i,1237661352169635982,1237661352169635983
1237661351632699447,gri,1237661351632699447,1237661351632699448
1237661351632633867,i,1237661351632633867,1237661351632633867
1237657610729423004,u,1237657610729423004,1237657610729423004
1237657610729423027,r,1237657610729423027,1237657610729423027
1237661416057012310,g,1237661416057012310,1237661416057012310
1237657610729554034,gr,1237657610729554034,1237657610729554036
1237657611266424914,i,1237657611266424922,1237657611266424914
1237661352706310270,i,1237661352706310270,1237661352706310271
1237661352169242712,i,1237661352169242712,1237661352169242713
1237657610729357463,i,1237657610729357463,1237657610729357463
1237657610729422931,ri,1237657610729422931,1237657610729422932
1237657611802968235,i,1237657611802968239,1237657611802968239
1237661352706179108,gri,1237661352706179107,1237661352706179108
1237661353779921000,ri,1237661353779921000,1237661353779921001
1237661417667428356,r,1237661417667428356,1237661353242918923
1237657612876906635,i,1237657612876906635,1237657612876906640
1237657613413974111,ri,1237657613413974111,1237657613413974112
1237657612877103287,r,1237657612877103287,1237657612877103287
1237657612876906677,i,1237657612876906677,1237657612876906679
1237657611803230382,i,1237657611803230382,1237657611803230382
1237661353779986681,gr,1237661353779986677,1237661353779986681
1237659161742213456,i,1237659161742213456,1237659161742213456
1237661386545365210,i,1237661386545365213,1237661386545365210
1237661387081908453,g,1237661387081908453,1237661387081908454
1237659162816151741,i,1237659162816151741,1237659162816151747
1237661386545037640,gr,1237661386545037640,1237661386545037640
1237661386008428706,i,1237661386008428706,1237661386008428706
1237661386008363274,g,1237661386008363274,1237661386008363274
1237659161204883737,gri,1237659161204883737,1237659161204883737
1237659161741689200,i,1237659161741689199,1237659161741689200
1237659162815037584,ri,1237659162815037584,1237659162815037584
1237661387081384107,u,1237661387081384107,1237661387081384109
1237661387618189568,ri,1237661387618189568,1237661387618189568
1237659161741492264,r,1237659161741492264,1237659161741492264
1237659161741558030,i,1237659161741558030,1237659161741558033
1237659162815102991,ri,1237659162815103043,1237659162815102991
1237661387081449955,i,1237661387081449955,1237661387081449955
1237659162278363656,i,1237659162278363656,1237659162278363656
1237659162278363355,gri,1237659162278363355,1237659162278363355
1237661386544644419,ri,1237661386544644418,1237661386544644419
1237661386544579047,ri,1237661386544579047,1237661386544579047
1237659324420456593,ri,1237659324420456593,1237659324420456593
1237661387618320422,r,1237661387618320422,1237661387618320422
1237659162815299726,ri,1237659162815299726,1237659162815299726
1237659162278429167,r,1237659162278429167,1237659162278429167
1237659162278429096,u,1237659162278429096,1237659162278429096
1237661851460436093,ri,1237661851460436092,1237661851460436093
1237661872931406058,gri,1237661872931406057,1237661872931406058
1237661850923499703,i,1237661850923499703,1237661850923499703
1237661001056845883,g,1237661001056845883,1237661001056845886
1237661874005737589,i,1237661874005737589,1237661874005737589
1237661873468801092,g,1237661873468801092,1237661873468801093
1237661851997700392,g,1237661851997700392,1237661851997700393
1237661852534702366,g,1237661852534702366,1237661852534702366
1237661852534702218,gri,1237661852534702218,1237661852534702218
1237661872931602643,ri,1237661872931602643,1237661872931602643
1237661850923696176,r,1237661850923696186,1237661850923696195
1237661850924023896,i,1237661850924023896,1237661850924023901
1237661872931799308,r,1237661872931799311,1237661872931799311
1237661851460960387,g,1237661851460960387,1237661851460960387
1237661874005737659,ri,1237661874005737659,1237661874005737659
1237661850924023930,i,1237661850924023930,1237661850924023931
1237661851997962422,ri,1237661851997962429,1237661851997962422
1237661851998027807,ri,1237661851998027817,1237661851998027807
1237661851997962267,g,1237661851997962267,1237661851997962267
1237661873468932227,i,1237661873468932227,1237661873468932228
1237661851461222634,ri,1237661851461222634,1237661851461222634
1237661851998093401,u,1237661851998093403,1237661851998093403
1237661873469194405,u,1237661873469194405,1237661873469194405
1237661361301028929,u,1237661361301028929,1237661361301028929
1237661360764026982,gi,1237661360764026982,1237661360764026982
1237661433779454180,ri,1237661433779454179,1237661433779454180
1237661360763895941,r,1237661360763895941,1237661360763895942
1237661360763961442,u,1237661360763961442,1237661360763961442
1237661360764092559,u,1237661360764092559,1237661360764092560
1237661433242845359,i,1237661433242845359,1237661433242845359
1237661360763830333,u,1237661360763830333,1237661360763830333
1237661360763764852,i,1237661360763764851,1237661360763764852
1237661361300635777,gr,1237661361300635777,1237661361300635777
1237661852551282830,i,1237661852551282830,1237661852551282830
1237661433779060883,g,1237661433779060883,1237661433779060883
1237661433779191869,ri,1237661433779191869,1237661433779191869
1237661360763633770,i,1237661360763633770,1237661360763633771
1237661435389739234,ri,1237661435389739234,1237661435389739234
1237661362374115433,i,1237661362374115433,1237661362374115433
1237661362911117373,i,1237661362911117373,1237661362911117377
1237661434852999243,i,1237661434852999243,1237661434852999249
1237661361300570123,g,1237661361300570123,1237661361300570123
1237661434316062870,ug,1237661434316062871,1237661434316062870
1237661434315997398,r,1237661434315997398,1237661434315997398
1237661361300570192,u,1237661361300570192,1237661361300570192
1237661434316128538,gr,1237661434316128539,1237661434316128538
1237661871871099059,i,1237661871871099059,1237661871871099060
1237661871334359057,ri,1237661871334359056,1237661871334359056
1237661850937131153,gr,1237661850937131153,1237661850937131153
1237661849863192684,ri,1237661849863192684,1237661849863192684
1237661849863127136,g,1237661849863127136,1237661849863127136
1237661872407970090,i,1237661872407970090,1237661872407970095
1237661872408035569,ri,1237661872408035568,1237661872408035569
1237661872944906440,gi,1237661872944906440,1237661872944906440
1237661872944906364,ri,1237661872944906368,1237661872944906366
1237661872407904331,i,1237661872407904331,1237661872407904331
1237661872407838900,i,1237661872407838900,1237661872407838901
1237661850936737918,gri,1237661850936737918,1237661850936737918
1237661850936672444,r,1237661850936672444,1237661872407707788
1237662196141326480,gri,1237662196141326480,1237662196141326480
1237661849862864992,ugri,1237661849862864992,1237661849862864992
1237661871870640290,gr,1237661871870640290,1237661871870640290
1237661850936606846,gri,1237661850936606850,1237661850936606846
1237661850399670427,ri,1237661850399670427,1237661850399670428
1237661849862734140,i,1237661849862734140,1237661849862734140
1237661871870574857,i,1237661871870574865,1237661871870574865
1237660961327022210,g,1237660961327022210,1237660961327022210
1237660764302541007,i,1237660764302541008,1237660764302541008
1237665328786309272,i,1237665328786309272,1237665328786309863
1237665442593439820,gri,1237665442593439820,1237665442593439820
1237665328786440241,i,1237665328786440241,1237665328786440241
1237665442593702007,i,1237665442593702007,1237665442593702008
1237665443130507385,g,1237665443130507385,1237665443130507385
1237665442593767581,ri,1237665442593767581,1237665442593767581
1237665328786571323,gi,1237665328786571323,1237665328786571323
1237665430241476839,g,1237665430241476839,1237665430241476839
1237665443130834982,gri,1237665443130834982,1237665443130834982
1237665429167866030,g,1237665429167866030,1237665429167866030
1237665225702834257,ri,1237665225702834315,1237665225702834257
1237667536383967697,i,1237667536383967697,1237667536383967703
1237667536383967788,ri,1237667536383967788,1237667536383967795
1237667731267977632,gri,1237667731267977632,1237667731267977632
1237667730730647996,g,1237667730730647996,1237667730730647994
1237667536383770662,r,1237667536383770655,1237667536383770655
1237667782807650717,i,1237667782807650717,1237667782807650718
1237667783344586992,gri,1237667783344587002,1237667783344586992
1237667731267715317,gr,1237667731267715317,1237667731267715366
1237667782270583070,gri,1237667782270583065,1237667782270583070
1237667730730582042,ug,1237667730730582040,1237667730730582042
1237667731267584194,gri,1237667731267584193,1237667731267584194
1237667730730320564,ri,1237667730730320564,1237667730730320564
1237667783344259121,ugri,1237667783344259127,1237667783344259121
1237667537457316667,gr,1237667537457316667,1237667537457316670
1237667536383312630,gri,1237667536383312630,1237667536383312630
1237667731267191078,i,1237667731267191073,1237667731267191078
1237667783343932156,u,1237667783343933396,1237667783343933396
1237667782807061294,u,1237667782807061294,1237667782807061294
1237667782807061213,i,1237667782807061213,1237667782807061214
1237667536383312191,i,1237667536383312189,1237667536383312191
1237667782807126407,gri,1237667782807126459,1237667782807126407
1237667536920052508,ri,1237667536920052508,1237667536920052508
1237667537456791982,gr,1237667537456791982,1237667537456791982
1237667429010178341,i,1237667429010178341,1237667429010178392
1237667537993728291,i,1237667537993728291,1237667537993728292
1237667429010243606,g,1237667429010243606,1237667429010243616
1237667429010243686,gi,1237667429010243685,1237667429010243686
1237667429010047708,i,1237667429010047708,1237667429010047710
1237667429547246108,ugri,1237667429547246108,1237667429547246108
1237667254538993854,i,1237667254538993853,1237667254538993854
1237667255075995927,gri,1237667255075995927,1237667255075995927
1237667212126519369,i,1237667212126519369,1237667212126519379
1237667255076126859,u,1237667255076126859,1237667255076126859
1237667255076126903,i,1237667255076126903,1237667255076126932
1237667255076061391,gi,1237667255076061391,1237667255076061391
1237667212126716079,u,1237667212126716079,1237667212126716079
1237667212126716109,g,1237667212126716109,1237667212126716109
1237667111726285046,gri,1237667111726285046,1237667111726285046
1237667111189348500,gr,1237667111189348500,1237667111189348502
1237667254539518000,i,1237667254539518008,1237667254539518000
1237667212126847077,ri,1237667212126847077,1237667212126847077
1237667255613194469,ri,1237667255613194469,1237667255613194471
1237667212127043700,ri,1237667212127043700,1237667212127043700
1237667212126781827,ri,1237667212126781827,1237667212126781827
1237667255076388992,gri,1237667255076388992,1237667255076388992
1237667211590172859,i,1237667211590172859,1237667211590172870
1237667254539714744,ri,1237667254539714744,1237667254539714745
1237665367426859045,i,1237665367426859045,1237665367426859052
1237667111726547036,i,1237667111726547036,1237667111726547037
1237662225136287916,g,1237662225136287916,1237662225136287916
1237662225136419196,ri,1237662225136419196,1237662225136419197
1237662225136091297,gri,1237662225136091297,1237662225136091297
1237664668977266762,ri,1237664668977266761,1237664668977266762
1237662224599023701,ri,1237662224599023701,1237662224599023701
1237664668977004607,ri,1237664668977004607,1237664668977004607
1237662225135829114,g,1237662225135829114,1237662225135829115
1237662225135632479,gri,1237662225135632479,1237662225135632479
1237664668976808133,g,1237664668976808133,1237664668976808134
1237662225135566995,i,1237662225135566995,1237662225135566996
1237662224598761553,g,1237662224598761553,1237662224598761555
1237662224598696037,g,1237662224598696037,1237662224598696042
1237664668976611535,i,1237664668976611535,1237664668976611535
1237662225672306805,ri,1237662225672306805,1237662225672306806
1237662225135501418,gri,1237662225135501418,1237662225135501418
1237664668439871599,i,1237664668439871599,1237664668439871601
1237662224598630547,gri,1237662224598630547,1237662224598630548
1237662225672241196,g,1237662225672241196,1237662225672241196
1237665430244163878,gi,1237665430244163878,1237665430244163878
1237665430244163816,i,1237665430244163816,1237665430244163817
1237665329862934624,ri,1237665329862934624,1237665329862934625
1237665178983661709,g,1237665178983661709,1237665178983661712
1237665443133325515,i,1237665443133325515,1237665443133325515
1237665178446790676,gri,1237665178446790676,1237665178446790676
1237665430244163733,i,1237665430244163733,1237665430244163733
1237665329326063656,ri,1237665329326063656,1237665329326063656
1237665178983465177,i,1237665178983465177,1237665178983465178
1237665178446463768,r,1237665178446463768,1237665178446463768
1237665178983399433,r,1237665178983399433,1237665178983399433
1237665178983334035,u,1237665178983334035,1237665178983334036
1237665179519942912,g,1237665179519942912,1237665179519942913
1237665179519942868,gri,1237665179519942868,1237665179519942868
1237665329862541502,i,1237665329862541502,1237665329862541502
1237665180057141446,i,1237665180057141446,1237665180057141448
1237665178983137365,i,1237665178983137365,1237665178983137372
1237665330399740057,ri,1237665330399740057,1237665330399740057
1237665179520467114,gr,1237665179520467114,1237665179520467114
1237665330399609008,i,1237665330399609008,1237665330399609008
1237665179520401571,ugri,1237665179520401571,1237665179520401571
1237665330399608952,gri,1237665330399608952,1237665330399608952
1237667111727988880,r,1237667111727988880,1237667111727988884
1237667111727923262,gri,1237667111727923262,1237667111727923265
1237667111727988992,ugri,1237667111727988992,1237667111727988992
1237667255077699783,u,1237667255077699783,1237667255077699783
1237667211591418044,r,1237667211591418119,1237667211591418120
1237667211591483540,r,1237667211591483592,1237667211591483558
1237667254541222062,ri,1237667254541222062,1237667254541222062
1237667255615094805,gri,1237667255615094808,1237667255615094805
1237667255078289536,i,1237667255078289536,1237667255078289537
1237667212128682159,u,1237667212128682159,1237667212128682159
1237667212665618552,i,1237667212665618552,1237667212665618553
1237667255078289541,i,1237667255078289541,1237667255078289541
1237667212665618595,ri,1237667212665618595,1237667212665618595
1237667211591942154,gi,1237667211591942154,1237667211591942154
1237667212665749665,u,1237667212665749665,1237667212665749665
1237664294755565738,i,1237664294755565738,1237664294755565738
1237662225143234642,r,1237662225143234642,1237662225143234642
1237664294755500168,i,1237664294755500168,1237664294755500168
1237664295292371028,i,1237664295292371045,1237664295292371048
1237662224606363844,gri,1237662224606363844,1237662224606363844
1237662224069558414,ri,1237662224069558414,1237662224069558414
1237664295292239968,gr,1237664295292239968,1237664295292239971
1237664294755237986,ri,1237664294755237986,1237664294755237989
1237662225679712366,ri,1237662225679712366,1237662225679712366
1237661965821280499,r,1237661965821280499,1237661965821280890
1237667109571067947,u,1237667109571067947,1237667109571067929
1237667109570937328,i,1237667109570937328,1237667109570937328
1237667109570740916,g,1237667109570740916,1237667109570740917
1237667109570675165,r,1237667109570675163,1237667109570675165
1237665097915499015,i,1237665097915499015,1237665097915499015
1237667109570347574,gri,1237667109570347574,1237667109570347574
1237664873503195574,g,1237664873503195574,1237664873503195575
1237664873503130063,ri,1237664873503130066,1237664873503130063
1237664835384574633,gr,1237664835384574633,1237664835384574633
1237664873502802152,u,1237664873502802152,1237664873502802152
1237664874039804599,g,1237664874039804599,1237664874039804603
1237664874576872181,gri,1237664874576872181,1237664874576872184
1237664835921510833,gr,1237664835921510833,1237664835921510833
1237664835921445802,i,1237664835921445802,1237664835921445801
1237664835921445448,g,1237664835921445448,1237664835921445448
1237673807042707573,gri,1237673807042707570,1237673807042707572
1237673807042642235,ri,1237673807042642235,1237673807042642235
1237673807042642539,r,1237673807042642539,1237673807042642539
1237673807042642578,ri,1237673807042642578,1237673807042642578
1237664874577068295,ri,1237664874577068295,1237664874577068299
1237664874040001385,ri,1237664874040001385,1237664874040001385
1237664874576936987,g,1237664874576936990,1237664874576936990
1237664874577199556,ri,1237664874577199556,1237664874577199556
1237664835921969937,g,1237664835921969937,1237664835921969938
1237664668971827283,g,1237664668971827283,1237664668971827283
1237662224593649799,ri,1237662224593649799,1237662224593649800
1237664667898085610,i,1237664667898085610,1237664667898085610
1237662224593911956,ug,1237662224593911956,1237662224593911957
1237661381702123684,g,1237661381702123684,1237661381702123684
1237661381702123677,gr,1237661381702123677,1237661381702123678
1237662226204786787,ri,1237662226204786787,1237662226204786787
1237661381701861545,i,1237661381701861545,1237661381701861545
1237662226204917916,r,1237662226204917916,1237662226204917916
1237662226204721317,ri,1237662226204721317,1237662226204721317
1237662226204786978,i,1237662226204786978,1237662226204786978
1237664669509091438,ugri,1237664669509091438,1237664669509091438
1237664668972417241,u,1237664668972417241,1237664668972417244
1237664668972548118,i,1237664668972548118,1237664668972548118
1237664668972548259,g,1237664668972548259,1237664668972548259
1237662225131307123,r,1237662225131307123,1237662225131307123
1237662226205049044,ri,1237662226205049044,1237662226205049045
1237661381702385966,g,1237661381702385966,1237661381702385966
1237662225668243699,ri,1237662225668243699,1237662225668243700
1237662262713647378,gr,1237662262713647378,1237662262713647378
1237662268612673991,g,1237662268612673991,1237662268612673991
1237662268612673959,g,1237662268612673959,1237662268612673960
1237662269149610099,g,1237662269149610099,1237662269149610099
1237662269149544758,ri,1237662269149544758,1237662269149544758
1237662263250321562,ri,1237662263250321562,1237662263250321562
1237662269149413554,ug,1237662269149413554,1237662269149413557
1237662237486678328,gri,1237662237486678328,1237662237486678328
1237662237486678229,i,1237662237486678229,1237662237486678229
1237662237486547045,i,1237662237486547050,1237662237486547050
1237662262176711030,i,1237662262176711030,1237662262176711031
1237655744558596405,ri,1237655744558596405,1237655744558596405
1237662268612411790,g,1237662268612411790,1237662268612411790
1237662237486285093,gri,1237662237486285093,1237662237486285094
1237662238560223369,ri,1237662238560223369,1237662238560223369
1237662238023090363,gri,1237662238023090362,1237662238023090363
1237662264323670411,ugr,1237662264323670411,1237662264323670412
1237662268069904635,gri,1237662268069904635,1237662268069904632
1237662267533230426,r,1237662267533230426,1237662267533230427
1237662268607103113,i,1237662268607103113,1237662268607103113
1237655744016220444,i,1237655744016220444,1237655744016220444
1237655744016285874,g,1237655744016285874,1237655744016285874
1237655744553287850,gr,1237655744553287850,1237655744553287850
1237662268070363334,ri,1237662268070363334,1237662268070363334
1237655744016417566,r,1237655744016417566,1237655744016417566
1237662268070559761,ri,1237662268070559761,1237662268070559761
1237662268607234342,i,1237662268607234342,1237662268607234341
1237662269144105225,i,1237662269144105225,1237662269144105225
1237662268070625894,i,1237662268070625894,1237662268070625894
1237655744016679216,i,1237655744016679216,1237655744016679216
1237663918413316397,ri,1237663918413316397,1237663918413316397
1237663918414037384,g,1237663918414037384,1237663918414037384
1237663918413906113,ugri,1237663918413906113,1237663918413906115
1237663918413840700,r,1237663918413840700,1237663918413840703
1237663789029523785,i,1237663789029523785,1237663789029523785
1237663918413512830,i,1237663918413512830,1237663918413512836
1237663918413578293,i,1237663918413578293,1237663918413578293
1237663789029261415,u,1237663789029261416,1237663789029261419
1237663918414037207,gri,1237663918414037207,1237663918414037207
1237663789029654981,gr,1237663789029654981,1237663789029654982
1237663917876969799,gr,1237663917876969799,1237663917876969799
1237663789029392720,u,1237663789029392720,1237663789029392720
1237663789029786095,i,1237663789029786095,1237663789029786095
1237663789029458300,g,1237663789029458300,1237663789029458302
1237663917876772992,r,1237663917876772992,1237663917876772992
1237663917876904216,i,1237663917876904216,1237663917876904217
1237663788492849165,gri,1237663788492849164,1237663788492849165
1237663788492980604,i,1237663788492980604,1237663788492980605
1237663788493046044,gri,1237663788493046044,1237663788493046044
1237663788492652720,ri,1237663788492652720,1237663788492652726
1237663917339902095,r,1237663917339902095,1237663917339902095
1237663917340295292,gri,1237663917340295295,1237663917340295292
1237663787956043925,u,1237663787956043925,1237663787956043926
1237663917340295335,u,1237663917340295335,1237663917340295335
1237663787418976547,r,1237663787418976547,1237663787418976548
1237648722283921643,r,1237648722283921646,1237648722283921646
1237648722283987907,i,1237648722283987907,1237648722283987909
1237653664714588173,ri,1237653664714523003,1237653664714588177
1237654872682791592,r,1237654872682791592,1237654872682791592
1237650805341749950,r,1237650805341749950,1237650805341749950
1237648720681960149,r,1237648720681960149,1237648720681960146
1237648720145154758,u,1237648720145154488,1237648720145154488
1237650805341946576,i,1237650805341946576,1237650805341946576
1237674365919560824,ui,1237674365919560063,1237674365919560063
1237657595147387016,i,1237657595147387016,1237657595147387016
1237674289681728769,i,1237674289681728101,1237674289681728101
1237654602095133611,i,1237654602095133220,1237654602095133220
1237658423007576148,i,1237658423007576149,1237658423007576149
1237654606390035431,u,1237654606390034510,1237654606390034510
1237658297914884568,i,1237658297914884568,1237658297914884568
1237673309892313698,i,1237673309892313697,1237673309892313698
1237673308818374753,i,1237673308818374810,1237673308818374753
1237673704504492705,u,1237673704504492706,1237673704504493440
1237673309355311785,i,1237673309355311784,1237673309355311785
1237673705041494270,i,1237673705041494269,1237673705041494270
1237673309891985925,i,1237673309891985612,1237673309891985612
1237673308818113028,i,1237673308818113028,1237673308818113305
1237667967494586487,ri,1237667967494586487,1237667967494586487
1237665566074011807,i,1237665566074011807,1237665566074011807
1237667968031719622,ri,1237667968031719622,1237667968031719625
1237667968031719706,ri,1237667968031719708,1237667968031719706
1237665566074077400,ri,1237665566074077400,1237665566074077400
1237667967494717538,ri,1237667967494717538,1237667967494717539
1237667968031785184,u,1237667968031785184,1237667968031785184
1237667967494979640,i,1237667967494979640,1237667967494979642
1237665566611144861,i,1237665566611144861,1237665566611144861
1237665567148015796,gri,1237665567148015795,1237665567148015796
1237665567148015805,ri,1237665567148015805,1237665567148015805
1237665567148081220,r,1237665567148081229,1237665567148081229
1237665566611341535,i,1237665566611341535,1237665566611341533
1237665566611341506,r,1237665566611341506,1237665566611341508
1237665567148081261,gri,1237665567148081261,1237665567148081261
1237665547820204063,ri,1237665547820204062,1237665547820204063
1237668272975380512,i,1237668272975380525,1237668272975380518
1237668298214342752,gri,1237668298214342752,1237668298214342752
1237668271901442215,gi,1237668271901442215,1237668271901442218
1237668272975511897,i,1237668272975512329,1237668272975512326
1237668272975577209,g,1237668272975577209,1237668272975577209
1237668271901573315,i,1237668271901573315,1237668271901573317
1237668298214604881,r,1237668298214604881,1237668298214539517
1237668273512448154,g,1237668273512448154,1237668273512448154
1237668272975642825,g,1237668272975642825,1237668272975642825
1237667733982674970,i,1237667733982674970,1237667733982674970
1237651252047773917,gr,1237651252047773917,1237651252047773917
1237651538723930199,r,1237651538723930199,1237651538723930199
1237654948375888146,ri,1237654948375888146,1237654948375888147
1237654948912627779,i,1237654948912627779,1237654948912627780
1237654948912628050,gr,1237654948912628050,1237654948912628049
1237654949449499025,i,1237654949449499025,1237654949449499026
1237654949449433308,i,1237654949449433308,1237654949449433308
1237654948375756815,i,1237654948375756815,1237654948375756816
1237654948912627752,i,1237654948912627752,1237654948912627752
1237654948912627942,r,1237654948912627942,1237654948912627946
1237654948912562386,g,1237654948912562386,1237654948912562387
1237651538723602648,i,1237651538723602648,1237651538723602648
1237651538186666235,u,1237651538186666235,1237651538186666235
1237651538186666193,ug,1237651538186666193,1237651538186666194
1237651538186600541,ri,1237651538186600541,1237651538186600541
1237651538186600594,i,1237651538186600594,1237651538186600595
1237651538186534971,ri,1237651538186534971,1237651538186534971
1237651252584054985,u,1237651252584054985,1237651252584054985
1237654948375625958,u,1237654948375625956,1237654948375625956
1237671139869983033,g,1237671139869983033,1237671139869983033
1237671139869982935,i,1237671139869982935,1237671139869982936
1237650370480505020,ug,1237650370480505020,1237650370480505020
1237671126977544293,u,1237671126977544293,1237671126977544293
1237650371017375947,ugr,1237650371017375947,1237650371017375949
1237650762389192753,i,1237650762389192753,1237650762389192757
1237650370480570618,i,1237650370480570618,1237650370480571425
1237650762389192765,ri,1237650762389192765,1237650762389192765
1237671126977609937,i,1237671126977609937,1237671126977609937
1237671126977675321,gri,1237671126977675322,1237671126977675321
1237650762389258408,gr,1237650762389258408,1237650762389258409
1237650762389258367,ri,1237650762389258367,1237650762389258367
1237650371554377789,ugri,1237650371554377789,1237650371554377789
1237671126977806554,uri,1237671126977806556,1237671126977806556
1237650371554377861,i,1237650371554377861,1237650371554377861
1237650372091314372,i,1237650372091314372,1237650372091314373
1237650371554443370,i,1237650371554443370,1237650371554443370
1237650372091314312,g,1237650372091314312,1237650372091314312
1237650371017769134,i,1237650371017769135,1237650371017769135
1237650372091379840,i,1237650372091445264,1237650372091379840
1237650762926391421,g,1237650762926391421,1237650762926391422
1237650371017965795,i,1237650371017965795,1237650371017965796
1237650761852846175,ugr,1237650761852846175,1237650761852846176
1237650761852780557,ugri,1237650761852780557,1237650761852780557
1237650370481750336,ri,1237650370481750336,1237650370481750337
1237650370481750317,i,1237650370481750317,1237650370481750317
1237651251505201456,r,1237651251505201456,1237651251505201456
1237654399699124247,gr,1237654399699124244,1237654399699124247
1237654398625382536,i,1237654398625382536,1237654398625382540
1237651250968199192,i,1237651250968199942,1237651250968199192
1237651250431066376,i,1237651250431066376,1237651250431066376
1237651250431131754,i,1237651250431131754,1237651250431131754
1237651250967937195,gri,1237651250967937195,1237651250967937195
1237654398625316997,i,1237654398625316990,1237654398625316992
1237654398625120401,gri,1237654398625120401,1237654398625120402
1237654398625251436,i,1237654398625251436,1237654398625251438
1237651250430738649,ri,1237651250430738649,1237651250430738658
1237651249893933197,gri,1237651249893933197,1237651249893933196
1237651249893933157,r,1237651249893933157,1237651249893933157
1237654399161663691,r,1237654399161663691,1237654399161663691
1237651249894260991,g,1237651249894260991,1237651249894260991
1237651249894195464,ri,1237651249894195464,1237651249894195465
1237651249893867642,u,1237651249893867642,1237651249893867642
1237663783667105899,ri,1237663783667105899,1237663783667105899
1237678617424756901,ri,1237678617424756901,1237678617424756901
1237678617424756937,gri,1237678617424756937,1237678617424756937
1237663784740913206,ri,1237663784740913206,1237663784740913206
1237666339725312057,g,1237666339725312057,1237666339725312058
1237663785278308487,u,1237663785278308487,1237663785278308487
1237663785278177430,ri,1237663785278177430,1237663785278177431
1237663784741109835,gri,1237663784741109835,1237663784741109835
1237666339188572321,r,1237666339188572321,1237666339188572323
1237663785278374029,g,1237663785278374029,1237663785278374031
1237666340799578283,ri,1237666340799578284,1237666340799578283
1237663204921376889,i,1237663204921376889,1237663204921376890
1237666340799512780,i,1237666340799512780,1237666340799512781
1237666339725574226,g,1237666339725574226,1237666339725574226
1237663784741306588,gr,1237663784741306588,1237663784741306589
1237663204921180392,gr,1237663204921180392,1237663204921180392
1237663784741437599,u,1237663784741437599,1237663784741437599
1237666339725705323,gri,1237666339725705322,1237666339725705323
1237666339725771009,i,1237666339725771009,1237666339725771009
1237663784741437630,gri,1237663784741437630,1237663784741437632
1237666339725770910,g,1237666339725770910,1237666339725770910
1237652942622622307,i,1237652942622622313,1237652942622622313
1237656494561034643,i,1237656494561034643,1237656494561034646
1237656494024098119,i,1237656494024098118,1237656494024098118
1237656494560903175,g,1237656494560903175,1237656494560903175
1237678877784015341,gr,1237678877784015341,1237678877784015340
1237652942622556859,gri,1237652942622556859,1237652942622556859
1237652942622556368,gri,1237652942622556368,1237652942622556368
1237656495097774534,i,1237656495097774534,1237656495097774534
1237652942622556560,gri,1237652942622556560,1237652942622556560
1237678877783818935,ri,1237678877783818937,1237678877783818935
1237656495634383090,i,1237656495634383090,1237656495634383115
1237652944769910125,g,1237652944769910125,1237652944769910125
1237652944769909149,ri,1237652944769909149,1237652944769909149
1237652944233169310,r,1237652944233169308,1237652944233169308
1237656496171648202,i,1237656496171648550,1237656496171648550
1237656495634711007,ri,1237656495634711006,1237656495634711007
1237656242230001756,gi,1237656242230001756,1237656242230001770
1237652943696298776,g,1237652943696298776,1237652943696298776
1237652944770302683,i,1237652944770302683,1237652944770303033
1237652944770236563,gr,1237652944770236563,1237652944770236561
1237652944233366686,ri,1237652944233366686,1237652944233366686
1237656495634776766,gri,1237656495634776766,1237656495634776770
1237656496171909322,i,1237656496171909321,1237656496171909322
1237652943696494842,gri,1237652943696494842,1237652943696494842
1237656496171778556,g,1237656496171778556,1237656496171778557
1237656495634842506,i,1237656495634842506,1237656495634842506
1237657189832851612,i,1237657189832851612,1237657189832851614
1237657192517206764,i,1237657192517206764,1237657192517206764
1237663277929070602,gri,1237663277929070602,1237663277929070604
1237663278466138440,i,1237663278466138440,1237663278466138440
