objID,ra,dec
1237656971301749478,12.3149719804686,-0.542499555691454
1237657069548405786,27.2148341279685,-1.02032251567283
1237657070087700601,32.7192386993084,-0.558822936777902
1237657070091502199,41.374338203673,-0.499195214049473
1237657071694381598,23.7254677320024,0.807714978058768
1237657071695233650,25.6940125125687,0.826836557023519
1237657071695365309,26.0061545225945,0.732482615852046
1237657071697003623,29.7321782539548,0.79801251412128
1237657072231842418,25.1140392705659,1.0573571695329
1237657189833638107,4.98572725140639,-0.888557967121333
1237657190368936706,1.39511793212858,-0.55465534541581
1237657190370772092,5.55070196760607,-0.612632359773893
1237657190905217592,0.0704828680916307,-0.124461759604035
1237657190905545085,0.756710640758683,-0.0753574625596555
1237657190908822235,8.23275651393402,-0.0763956125710177
1237657191980729158,4.08690875608943,0.760312704035258
1237657584949396263,38.3063217151257,-0.951484295487009
1237657586562367733,43.7415293596034,0.323258184673155
1237657587096420401,37.2293395055745,0.727605960504556
1237660024520507972,38.2815059386178,-1.06060058556963
1237660024520507982,38.2820281524781,-1.12737831447478
1237660024521687822,40.9382538667799,-1.18432428334181
1237660241386341349,47.550864487589,0.55110642737064
1237660241386865006,48.6842835927914,0.590252803665699
1237660241388306704,52.0348155481199,0.590542793934766
1237663204919280139,11.6652513301353,0.75937347723362
1237663204920263816,13.9325826359894,0.778630423854412
1237663204920329055,14.0029251990324,0.695542568730404
1237663204920329375,14.1435564853241,0.681260959087368
1237663238205866566,58.7046828857164,-0.330346026603546
1237663238741427410,55.6752087675676,0.144644951463704
1237663239272661594,42.9105258776435,0.627761499910057
1237663239278167102,55.4880792397594,0.534174068420039
1237663278465745534,2.57048094060875,1.01856211303558
1237663278465942255,2.93542091057191,0.946793687681706
1237663716017635853,7.5334622736749,0.435247296870399
1237663716019471136,11.772066730193,0.55471334497948
1237663716019668132,12.2115669924571,0.546428598991126
1237663782589235954,5.54469806097108,-1.19505454143895
1237663782591004839,9.61498232643314,-1.07042585159865
1237663782592119683,12.2182687007632,-1.10006578693452
1237663782592119726,12.2613229554595,-1.10699700908726
1237663782592971684,14.2109795398739,-1.1100242213069
1237663782593495245,15.3010969731286,-1.10274837669761
1237663783127483624,8.7084933993646,-0.757451798629921
1237663783129252339,12.7772626230503,-0.741683999912929
1237663783129776152,13.9455010335647,-0.796425482725753
1237663783130366434,15.285654912692,-0.669963708392482
1237663783133053481,21.5269829328482,-0.665151521261868
1237663783134757477,25.3967918802016,-0.680333653086565
1237663783137051829,30.6454439965378,-0.702149228347761
1237663783137378723,31.2969359271716,-0.790820354501939
1237663783139345143,35.8776025374498,-0.79149500657374
1237663783139410734,36.0405237654221,-0.82233998735335
1237663783139214768,35.5080668452795,-0.805013818211885
1237663783137903989,32.5743009534448,-0.788998985855798
1237663783137706770,32.161404138767,-0.760420445395102
1237663783137444162,31.5368535762309,-0.798000449832001
1237663783137379663,31.3850281683248,-0.827350101531776
1237663783137247845,31.0577154493668,-0.801438913953254
1237663783136788801,29.9585288488668,-0.656469253450193
1237663783136658182,29.7392617994976,-0.80112931435405
1237663783136396114,29.1121413769477,-0.770793777662024
1237663783135872201,27.9930925801231,-0.695797174215308
1237663783135281872,26.6266752206108,-0.677690612317615
1237663783141639071,41.1409527280898,-0.810600999985009
1237663783134560794,24.8848884434827,-0.672508563092304
1237663783134495699,24.803470399572,-0.675039234049695
1237663783134167888,24.0073391925174,-0.650112631625747
1237663783142556367,43.2548548402027,-0.839080158687887
1237663783134036054,23.7625064223101,-0.763198052209798
1237663783133905813,23.4595750767364,-0.788895878684167
1237663783133643207,22.7703989964716,-0.83009466030885
1237663783133053992,21.4768111231612,-0.82717978533628
1237663783132463783,20.1494682347048,-0.813442043684843
1237663783132136496,19.4565856587178,-0.687822968976834
1237663783131939639,18.8713096106773,-0.81234649672257
1237663783131284121,17.4828095604733,-0.743035718808015
1237663783131021709,16.7792491543515,-0.827832439007589
1237663783130825995,16.3405663944113,-0.750220717752596
1237663783130825460,16.4230823565129,-0.730605500667977
1237663783130629064,15.9856970852222,-0.651285815460058
1237663783130498336,15.5938001535515,-0.787525131396437
1237663783129973514,14.4737504208117,-0.736833435007257
1237663783129842056,14.1374943703621,-0.837450968620726
1237663783129777031,14.0663742005613,-0.641519926641148
1237663783129580881,13.509810118074,-0.739129193979593
1237663783129448610,13.2945921490001,-0.648863257339283
1237663783129120801,12.5044362507372,-0.786669275654057
1237663783128465806,11.0636543455702,-0.839454352532059
1237663783128006759,9.93019757019836,-0.674191461985191
1237663783127875972,9.60513805446162,-0.737059503714611
1237663783127483102,8.78626955254033,-0.668313968310774
1237663783127482954,8.73971466357983,-0.787343017414839
1237663783127090055,7.8207092407397,-0.706163947085964
1237663783127089581,7.80140932985559,-0.778489246741841
1237663783126893274,7.44171817726791,-0.836271304391775
1237663783126827476,7.22440077635711,-0.735675770429773
1237663783126696267,6.8869447475581,-0.811628898093756
1237663783126500271,6.5565991441523,-0.76077065551693
1237663783126303839,6.06702704503196,-0.738716471513301
1237663783125516794,4.22222549115514,-0.743207071279582
1237663783124992589,3.12510830634361,-0.656224082082355
1237663783124664684,2.27684691894664,-0.648258781313314
1237663783124533970,2.06910229158866,-0.68022180899124
1237663783124403677,1.74495691987578,-0.675433640391571
1237663783123682150,0.0762338265524445,-0.705617804094574
1237663783669138302,19.6184950663936,-0.248508971499848
1237663782603064213,37.2109626335578,-1.06347179795458
1237663782603064042,37.2721969294239,-1.1288705070475
1237663782602801193,36.5568859580425,-1.25777777436298
1237663782602211908,35.259212730659,-1.12008748899799
1237663782602146390,35.1205803207567,-1.08079009704067
1237663782601950034,34.6209633913407,-1.08449271140685
1237663783671955832,26.0683692297504,-0.388618888038034
1237663782601818868,34.3237603188907,-1.19966503674138
1237663782601426064,33.5240443841942,-1.23208167668729
1237663782601425924,33.3949777242439,-1.1301995643437
1237663783672480736,27.3770290781795,-0.311639306990479
1237663782600573447,31.4430459750511,-1.23820827852846
1237663782600310889,30.8763591386896,-1.24981427662507
1237663782599460024,28.9193198255356,-1.12770212966437
1237663782598411251,26.6008653668685,-1.05526440624546
1237663782598279842,26.3056605683305,-1.19685835235036
1237663782597820895,25.2454540729336,-1.09139230394989
1237663782597624286,24.7014291934711,-1.12668139568408
1237663782597559274,24.6303801026005,-1.07123612355154
1237663782597231188,23.9041108477486,-1.16729088079777
1237663782597099999,23.5017781428077,-1.1086498253292
1237663782596969401,23.2502892682831,-1.11682306291246
1237663782596641433,22.4831661811936,-1.0578622139049
1237663782596183061,21.4458253819149,-1.07770139240659
1237663782596117637,21.3519029461863,-1.06992305351791
1237663782595920123,20.808435105865,-1.15117343412357
1237663782595593026,20.2007762345988,-1.25672883110823
1237663782594609965,17.9432223224521,-1.25289689008313
1237663782594085737,16.6456515233385,-1.14090714499552
1237663782593889005,16.1984101196801,-1.16926437164163
1237663782593364399,15.0955710055852,-1.19377967300542
1237663782593364353,15.0416517381128,-1.25292907940542
1237663782592971908,14.1635247161022,-1.06632370171973
1237663782592971542,14.1542416035125,-1.09400600908308
1237663782592971510,14.1440421427002,-1.09217091752305
1237663782592446815,12.9724897597992,-1.13861022173056
1237663782591988027,11.8904006885459,-1.20527466762017
1237663782591857559,11.56285751593,-1.15226789884713
1237663784198275974,2.04005130538665,0.188946804764615
1237663782591530010,10.8511529030917,-1.11630059530979
1237663782590873727,9.30090046224589,-1.14726414273875
1237663782590743081,9.0208222592149,-1.24625252926098
1237663782590545959,8.60657151545175,-1.13906920968731
1237663782590022334,7.4659669852462,-1.21479336423298
1237663782589694879,6.62597492245736,-1.07630140544331
1237663782589628943,6.49168504942511,-1.1372780853868
1237663782589628790,6.57541092144519,-1.19327254970058
1237663782589366707,5.85816489440383,-1.14771393477778
1237663782589236127,5.63832751739435,-1.22643097655366
1237663782589235802,5.63613884722595,-1.09771553158752
1237663782589170814,5.49402452436868,-1.09617471824547
1237663784202994271,12.8054972749118,0.119645558047431
1237663782588711464,4.38278507987047,-1.15463245515412
1237663784203191173,13.3087410304591,0.018153099608948
1237663782588449760,3.77225352996075,-1.09681800588901
1237663782588449377,3.85081004547715,-1.18986422923094
1237663716556211030,11.3708609384509,0.86618770320867
1237663716555555831,9.98322366941898,0.969688547049488
1237663716555162882,9.0889469617473,1.03961596047295
1237663716019339897,11.4735484305057,0.453517667838714
1237663716019077368,10.8901216360507,0.593179865418712
1237663716017898604,8.08799638424318,0.60115766639306
1237663716017571141,7.42738727962376,0.544480295894732
1237663716017504595,7.29348015036834,0.496344615271348
1237663716017243160,6.62705061814,0.474688618205318
1237663716017242136,6.62164081644386,0.508650206760013
1237663716017177786,6.44432961628189,0.430954096549771
1237663784207385316,22.8647572114188,0.00475563969455752
1237663784207385322,22.8665759184227,0.201653205245687
1237663716017112231,6.41211301860062,0.602047668743446
1237663543697212051,2.83828516809791,0.271841318818323
1237663543697080434,2.4491719362253,0.387361068533351
1237663543697015265,2.31092684426545,0.28950370046242
1237663543696556416,1.22988141796964,0.230520770857175
1237663784208367666,25.0671493312919,0.175559866513767
1237663543696425377,0.95896805422467,0.350833602425299
1237663278468039515,7.7119204812488,0.94483264317797
1237663278466139101,3.38344329751735,1.02720328925282
1237663278465876556,2.86536909841752,0.891975030968884
1237663278465483230,1.91613586593959,0.912813566923107
1237663784209744480,28.2043860258819,0.00545003661968274
1237663278465418093,1.84101514479445,0.924199454890186
1237663278465024547,0.857065133486429,0.871197664601926
1237663278465024156,0.861086988526125,0.931578273188427
1237663278464959258,0.676990286160759,0.923340386333332
1237663277929923155,4.99249093221346,0.430348237620097
1237663784210400448,29.7727873856861,0.0416661069257362
1237663277929661176,4.28167131972086,0.451629385184712
1237663277929595335,4.19283519724812,0.433653912351505
1237663277929202780,3.26940640947828,0.619347020989279
1237663277928874932,2.61560685137147,0.517949009687749
1237663277928678139,2.09269972664029,0.452298545579536
1237663277928677722,2.0379921448895,0.476730259759141
1237663277928285289,1.17478349473103,0.607564942128201
1237663277928219824,1.08607052051246,0.616424379708859
1237663784213020919,35.6720492060776,0.204157382790677
1237663277928088383,0.815418460041229,0.492772971368181
1237663277392461953,3.57907336974446,0.201024178014874
1237663277392331612,3.36496276237119,0.0135080719308345
1237663277392331549,3.34657402668896,0.0613500897721359
1237663275781128803,1.91950971471113,-1.13192042945827
1237663275780735866,1.04665893241008,-1.09090819450151
1237663275780276569,0.0269146921696972,-1.0596062064753
1237663239279281074,58.0106805414854,0.516950017648373
1237663239278887856,57.1530150770225,0.522147157789845
1237663239278298483,55.7692849444439,0.484897417496142
1237663239278100689,55.3476802645911,0.551822945051627
1237663784217674355,46.3795691084477,0.070285583979512
1237663239273119753,43.8399823963355,0.468176422070648
1237663239272726600,43.0199427692701,0.51127556940568
1237663239272596390,42.6641875300424,0.45250850193826
1237663239272465111,42.3452756457593,0.432890289701674
1237663239272399740,42.3153648683153,0.522900843842576
1237663239272399601,42.2923777067831,0.53863592149987
1237663238741820530,56.656109614499,0.144199299843523
1237663238741754071,56.5245284889924,0.0337485954908423
1237663238741492168,55.8823410528721,0.0269311922693125
1237663238740771333,54.1860133619043,0.114827636767883
1237663238740378800,53.3485421529944,0.196805282431151
1237663238740115860,52.6972796363142,0.0242322344598662
1237663238739133147,50.432770560345,0.0751736504544546
1237663238739067225,50.274825224644,0.141283431960994
1237663238206194490,59.4796190606443,-0.311370915421036
1237663238206194459,59.446038186193,-0.362099691860439
1237663784742027998,17.6999023598561,0.501140420190846
1237663238206128416,59.3009342463015,-0.278162224714276
1237663238205014278,56.7215171266985,-0.362530461061877
1237663238204621776,55.883723351387,-0.276137140707134
1237663238204359773,55.2141912520331,-0.379904643071454
1237663238204228873,54.9708776285963,-0.353092733319237
1237663238203900652,54.2924114759414,-0.283943845984326
1237663237668799049,58.2700747768487,-0.732463829302729
1237663237668668409,57.9878660658599,-0.740964675639932
1237663784743600691,21.3237521450625,0.485443582350009
1237663237668078543,56.6596920647373,-0.819386373329373
1237663237667947552,56.3954082494157,-0.73099007202698
1237663237131338228,56.9880785605221,-1.11950233274043
1237663237129896390,53.5989556640997,-1.20351138750873
1237663237129634513,53.0405226506851,-1.16596675623126
1237663237128913513,51.4216749661006,-1.10769461712855
1237663237128389698,50.2147939402617,-1.1300484955894
1237663237128389663,50.1617545532638,-1.0667604615934
1237663237128258641,49.8931837941132,-1.15020876810387
1237663237128127046,49.5582981451988,-1.0447748759851
1237663237127995970,49.307369160006,-1.15301628520778
1237663237127668228,48.6024873981292,-1.07499935140551
1237663784746615750,28.2172292984158,0.474136818101112
1237663204923605689,21.6225885470996,0.806167588156175
1237663204923147007,20.5026095096081,0.792837480775284
1237663204922818810,19.6927104722748,0.774020507355892
1237663204922491662,19.0095478456293,0.776502579021987
1237663204921901617,17.7062176493207,0.644305859398799
1237663204921901085,17.6557111693948,0.758963143277215
1237663204921705239,17.2183872105796,0.658483303044397
1237663784749171659,33.9842499774291,0.434075834180375
1237663204921049998,15.7241308824781,0.709062655054907
1237663204920656633,14.8047793493054,0.688632417356735
1237663204920131906,13.5718026806281,0.794067895096207
1237663204920066816,13.485972579799,0.669025278663549
1237663204919673815,12.6038921425476,0.751232630474763
1237663204919672868,12.5740704170743,0.69307897514488
1237663204919607373,12.4256263652601,0.744364806428566
1237663204919018085,11.1094244049699,0.748342781631686
1237663204918624700,10.1099738388888,0.701929371873053
1237663204918428195,9.69801082695852,0.668548108181934
1237660339632800181,57.6257264108978,0.319215996597222
1237660339089900524,43.8827650647178,-0.0882442976663565
1237660338016223819,44.023922269507,-0.885123678689491
1237660241925570600,52.9233192334443,0.893238563665781
1237660241925046311,51.7183558229216,0.897501593565319
1237660241923735623,48.6981412564038,0.847212825032524
1237660241923277738,47.7736251072129,0.858825437168408
1237660241923014752,47.1692411307838,0.868463945678607
1237660241922819006,46.6613163719044,0.944230099236931
1237660241389028230,53.6348406840774,0.515121570435778
1237660241388110150,51.523901390902,0.495026276546743
1237663785277981192,15.6751325018454,0.875478470195648
1237660241387127767,49.3992105094136,0.443141462572099
1237660241386865483,48.7562904523277,0.457378333318263
1237660241386799686,48.5961381985783,0.569307708741619
1237660241386734514,48.5088485974372,0.446732371652037
1237660241386537923,47.9538080529633,0.439032853033446
1237660241385619866,45.8539842255685,0.444626411456248
1237660241385030590,44.5095911732368,0.504681310826132
1237660240315023942,53.1159410568994,-0.294340522683163
1237660240314434381,51.6944332222345,-0.393054180988775
1237660240314237733,51.239277209121,-0.274858269427657
1237660240313385537,49.3649550287565,-0.4004184747147
1237660240313123556,48.7265780634314,-0.261440367232907
1237660240312992603,48.4249848787903,-0.393350027230535
1237660240312926597,48.2234328761678,-0.34190378680349
1237660239777366527,51.312633939778,-0.780579526053754
1237660239777235671,50.9602872576132,-0.682281541392312
1237660024529945230,59.8361736328827,-1.18843639102356
1237660024524636178,47.6451546877339,-1.21791748948695
1237660024524505594,47.4149255093243,-1.14089863819835
1237660024524440223,47.1852825994889,-1.22238176250611
1237660024524309028,47.0116424359121,-1.22916149347123
1237660024524244007,46.7702522645977,-1.08317540027921
1237660024524112509,46.5390387030166,-1.12177003611083
1237660024523785237,45.7694906700692,-1.1299498616988
1237660024523653987,45.4256449925925,-1.15412631619755
1237660024523195149,44.4684956536286,-1.1686921494566
1237660024523129435,44.1820562245608,-1.09592062253809
1237666299482538023,51.8881874029207,-0.875391581929154
1237660024522670646,43.173092464385,-1.19311788894745
1237660024522212063,42.1369262766033,-1.1363870795616
1237660024522211980,42.0835030767464,-1.1924427449635
1237666299483914674,54.998258626907,-0.992890230986415
1237660024522146647,42.0360550379126,-1.2338919637992
1237657587098714386,42.5421047908075,0.677303751743437
1237657587098190061,41.294709959437,0.688310102009618
1237657587096486513,37.4336125462074,0.744138586196842
1237657587095634237,35.4167284082964,0.813236013877046
1237657586030412176,54.896987214928,-0.0286203645626713
1237657586030215694,54.5309935176233,-0.171869040411365
1237657586029626223,53.1835831154784,-0.199435488672368
1237657586029560977,52.9628308950565,-0.178494752118663
1237657586029232757,52.3109559779119,-0.172692723204314
1237657586029101447,51.9153304064733,-0.105942568843574
1237657586025431559,43.6411334774478,-0.024682166984577
1237657584951559004,43.2933176586922,-0.908601477278103
1237657584951362412,42.7946069288472,-0.866372665519298
1237657584950575450,40.9521180309294,-0.936341711780116
1237657584949723660,39.0701880628028,-0.939383261432472
1237657584949658117,38.9087686064457,-0.929173452602285
1237657584949461749,38.4690643774736,-0.901342323321679
1237657192519828405,9.1492611343067,1.12606500093818
1237657192519827872,9.12537439239287,1.07569454510037
1237657192519434810,8.29692183657545,1.08895245386895
1237657192517795989,4.4834219861915,1.22532288298295
1237657192517665058,4.25156388515489,1.14659183305384
1237657192517600276,4.00360599793203,1.09716826009504
1237657192517337597,3.45295300423368,1.14131018338475
1237657192517271701,3.30653358854471,1.0991429788182
1237657192516944670,2.64121318249215,1.19403991945198
1237657191981449513,5.63869546102006,0.634031387510276
1237657191981188162,5.18529810039581,0.699512477690956
1237657191980925546,4.5097357015793,0.741123455868777
1237657191980860251,4.31053141688159,0.734999834468533
1237657191980073829,2.53036204477695,0.67984027350999
1237657191979483730,1.1960341716723,0.77640660969088
1237657191979156146,0.493872805020089,0.781391280329333
1237657191447593623,12.6175563868084,0.358069452539571
1237657191447003651,11.2488149046561,0.371336324759977
1237657191446216776,9.39445085143632,0.287916768144749
1237657191445954969,8.80760603654625,0.407465274618497
1237666300558836068,57.792618298958,-0.164643034723666
1237657191445627931,8.04973518207498,0.244620547843775
1237657191445562367,7.9861596551508,0.381964940683819
1237657191445496614,7.87825621067537,0.355459531567233
1237657191445300264,7.38702742250103,0.396670143862643
1237657191444775284,6.10240743937692,0.360148985875166
1237657191444448327,5.44922842819858,0.348941453452604
1237657191444447534,5.40004250455172,0.219102845294619
1237657190910460766,11.9840573793565,-0.12560284743454
1237657190910329737,11.6279111698481,-0.134809911444736
1237657190910263758,11.4795030700444,-0.0579752381969736
1237666301092364930,50.0723334157202,0.304457643038918
1237657190910263752,11.4796943611871,-0.0758330623504625
1237657190910066845,11.0685903145576,-0.0620656775678321
1237657190908560498,7.60103065654135,-0.0936672706139817
1237657190908166619,6.70165013087114,-0.132523499847268
1237657190907970391,6.23635898551305,-0.0298367493456204
1237657190907248940,4.71771895343733,-0.155685204249134
1237657190906134889,2.06833739286844,-0.145190108087607
1237657190906070201,1.99944646812526,-0.126919647736129
1237666301627269251,45.6108500806926,0.764489850762135
1237657190905611194,0.896318398482151,-0.0527019181821062
1237657190905544716,0.729026212068334,-0.070382314443484
1237657190905348739,0.354712651690193,-0.0400277130249236
1237657190905348151,0.322781071343968,-0.076197390786629
1237657190370509278,5.03428834651913,-0.583222201007184
1237657190370378474,4.61400591839134,-0.558055855037953
1237657190370051009,3.90624994955124,-0.595594089095835
1237657190368477844,0.385701272924223,-0.609944317820309
1237657189840519233,20.7164019094519,-0.882233321088105
1237666301632315719,57.1399186621802,0.657286143889277
1237657189836521682,11.4953320379774,-0.879462862913584
1237657189836194091,10.8181259474397,-0.859879585837664
1237657189836129260,10.6863140079523,-1.02517697079243
1237657189836128966,10.6390007993168,-1.04458751596648
1237657189835407662,8.9492296840308,-0.91509261964013
1237657189835081025,8.28650321704498,-0.894742895277821
1237657189835014606,8.08420832772595,-0.928448930440263
1237666302165451542,48.5987156027618,1.107873790232
1237657189834883988,7.76654577024192,-0.930834359569489
1237657189834883692,7.86941851714619,-1.03202077186666
1237657189833048860,3.64075722459557,-1.03668217158147
1237657189831934676,1.12695843173242,-1.0301578587318
1237657071698641458,33.454488860616,0.779962130524191
1237657071698379920,32.8888039919491,0.807509335663422
1237657071697986508,31.9596046964942,0.804835525078544
1237657071696806446,29.2435723619253,0.802162990887599
1237657071696675620,29.0356017027142,0.765123103776863
1237666302169645188,58.1353203817403,1.25141015369828
1237657071696019932,27.45624217107,0.788012308430019
1237657071695561343,26.4241675074545,0.720569520529312
1237657071694971672,25.0569016081762,0.634935139345232
1237657071694971394,25.0755832219491,0.678617069829493
1237657071694774320,24.6266320509581,0.645557571546512
1237657071694644167,24.2843815296623,0.63601166947704
1237657071694184478,23.2412576684749,0.667641628854832
1237657071694119147,23.1364686357518,0.648633328680014
1237657071693660539,22.0327806762823,0.759109733644098
1237657071162492028,35.1212507636801,0.33553514964659
1237657071160590689,30.7015402257414,0.295346130709496
1237657071160524807,30.5523461186363,0.24968429293921
1237657071160328444,30.1101597525824,0.381491042484381
1237657071159869808,29.0680755713938,0.219957903631315
1237657071159804852,28.9295449524017,0.252153664837564
1237657071159739308,28.8288345004506,0.413951183185531
1237657071159411725,28.0479949526966,0.238636115256541
1237657071159148886,27.414694936054,0.418250793560007
1237657071158952642,27.0224157636702,0.241249166986214
1237657071158559772,26.0819821279346,0.247581668380246
1237657071157182912,22.9275178864023,0.288860500687857
1237657071157052022,22.7168112955512,0.264125874588343
1237657071156789537,22.1141160238556,0.224212723049466
1237657071156658771,21.7752238446441,0.294745233117736
1237657070628504196,41.7118865324437,-0.142341153484579
1237657070628438663,41.5729841142671,-0.112204519209585
1237657070628372551,41.3901371150776,-0.0836167827240826
1237657070625751457,35.376502595402,-0.073921329685579
1237657070625620465,35.1067989243558,-0.18689368363284
1237657070620639803,23.7391042380708,-0.180528450968523
1237657070620312265,23.0461037472622,-0.0173159807889585
1237657070620246773,22.7676607461973,-0.0833909371142191
1237657070620049952,22.4346110732992,-0.0347337816306856
1237666339190276252,19.6492431499023,-0.155963260817108
1237657070091829766,42.1143320965791,-0.611924685792047
1237657070091698580,41.7783378483714,-0.622711691066111
1237657070090978050,40.1577680512947,-0.543977856503116
1237657070090387860,38.9126750065013,-0.585862093602731
1237666339726492291,18.0798254208476,0.326910051771278
1237657070089274312,36.2363744299963,-0.570954541160993
1237657070088421653,34.3987354761252,-0.614522839822912
1237657070088290555,34.0150233673024,-0.563093526920507
1237657070087832262,33.0536140110948,-0.553488270259596
1237657070087766804,32.9310280473756,-0.585292909004309
1237657070087766217,32.8481339651641,-0.466904855450757
1237657069550044244,30.9403103590774,-0.980060397757135
1237657069550043618,30.8581587916514,-0.883924530752346
1237657069549846951,30.4039269787675,-1.0475892439421
1237657069548602290,27.6677078846159,-0.947588023363223
1237657069547750035,25.7283827981625,-0.871781142644505
1237657069547619633,25.3194345026666,-0.841758459175575
1237657069547618953,25.3770915460165,-0.992430859796758
1237657069547291072,24.5664438415058,-1.03779810004772
1237657069546439250,22.6983771964501,-0.924501487091629
1237656971302208129,13.4417480294787,-0.53371402415082
1237656971301749128,12.3174389119522,-0.530376039639249
1237656971301683575,12.1359777605355,-0.540633159627568
1237666407378387908,22.2099963682683,-0.493843665487151
1237656971301552746,11.905286827692,-0.543146440366809
1237656971301290400,11.2590838141778,-0.615465345627326
1237666407378977406,23.558958159814,-0.422030278411883
1237656971301159449,11.0009832706472,-0.509293638506034
1237656971301093806,10.8058842478102,-0.589980991542957
1237656971301093413,10.7901245868568,-0.604617155909675
1237656971300766601,10.1619171955637,-0.565701404780728
1237656971300439018,9.28440076565153,-0.531394221115894
1237656971300438726,9.31866082196802,-0.6014484477789
1237646587164033714,59.7318087909359,0.250024928426782
1237645943980294515,59.495138494847,0.90862316736025
1237645943979574030,57.8271825825402,0.974428615632744
1237645943979311612,57.2770448244083,1.03134355305777
1237645943978459250,55.3533488943057,0.870497982916576
1237645942906094268,58.4573248623268,0.0176586191335898
1237663783139410968,35.9812124897743,-0.68053978349921
1237663783139475978,36.1235903022535,-0.740819596099719
1237663783139673320,36.5925011735723,-0.773066378028681
1237663783140066306,37.5127036809547,-0.700680366056335
1237663783140197361,37.8486570467358,-0.65203084082679
1237663783140393957,38.2408240411971,-0.80782331814002
1237663783140525031,38.5799607599071,-0.752887010595353
1237663783140851737,39.2715974149226,-0.809543396954036
1237663783141115188,39.9576951625219,-0.717027428094574
1237663783141180028,40.0477052487181,-0.675178231904068
1237663783141245317,40.1350301902125,-0.70667724359952
1237663783141835958,41.4715588633607,-0.679571383283902
1237663783141901683,41.7208872606038,-0.754915891601288
1237663783142162957,42.2508858369647,-0.644495463516998
1237666407917158768,26.4926926616119,-0.0520638282195095
1237663783142818807,43.8346511058364,-0.696969074133984
1237663783142883841,43.8933448747517,-0.715177370354775
1237663783143145914,44.5100234510799,-0.697663791088914
1237663783143866762,46.1216434790339,-0.65117686610155
1237663783144194878,46.9273942497339,-0.655844040778163
1237663783144456843,47.5853597433515,-0.738695472800722
1237663783144653466,47.9798578038739,-0.636358507946101
1237663783145440392,49.8462245454224,-0.692798314145925
1237663783660684289,0.324645079084117,-0.379155885830188
1237663783660684463,0.371245470724798,-0.318498309011792
1237663783661077366,1.2237228279572,-0.306770662384347
1237666407920108399,33.1916220030869,-0.119699132055159
1237663783661143369,1.37886624824805,-0.244700074482871
1237663783661928965,3.21387160032027,-0.398851041052446
1237663783662716185,4.95336849524578,-0.362589879399915
1237663783663436355,6.64176724839647,-0.234213823452794
1237663783664484850,9.03073128318768,-0.367363182867432
1237663783664550651,9.23094099811975,-0.333738503713219
1237663783664812295,9.80680847131583,-0.254184435222609
1237666407923057295,40.0442968176994,-0.125517491910413
1237663783664878087,9.91459263089235,-0.309443261308543
1237663783665009775,10.2566143968241,-0.291233028781692
1237663783665140694,10.5478089400799,-0.397771253256923
1237663783665272049,10.9157180851458,-0.238682877067834
1237663783665337051,11.0527815032672,-0.283201319133367
1237663783665401998,11.1202573292478,-0.399748883016752
1237663783665664985,11.7162013323752,-0.401106478639095
1237663783665730506,11.8750330994767,-0.322211318982561
1237663783666057696,12.6066430767262,-0.402520407007357
1237663783666713088,14.1040260538543,-0.421305638667035
1237663783666844357,14.4883276422742,-0.36129836422027
1237666408458290477,36.2137674778025,0.288612132977288
1237663783667040349,14.9656255172188,-0.270479361843512
1237663783667041363,14.8992933178771,-0.421245451106504
1237663783667303638,15.5397211254113,-0.24904671320372
1237663783667499530,15.9201762576159,-0.236328667803804
1237663783667958796,16.9724472358247,-0.226112172358227
1237663783668351931,17.8260420811833,-0.305863323179962
1237663783669007427,19.3861991867851,-0.344961048968775
1237663783669268863,19.9510588547504,-0.274354407210041
1237663783670186206,22.0241413435542,-0.306711966932921
1237663783671628238,25.3371379756938,-0.40797522851349
1237663783671825087,25.8865383261982,-0.376386118473832
1237663783671889955,26.040368592759,-0.421539858735734
1237663783671890761,26.0016357836212,-0.261548846816804
1237663783672022101,26.325395321838,-0.267952129371325
1237663783672349605,27.0643875878528,-0.299514014741608
1237663783672479818,27.3140872938729,-0.283300904400882
1237663783672873659,28.2441660438327,-0.331336669206225
1237663783673397329,29.4230820712993,-0.313728874235063
1237663783673921720,30.6359788687607,-0.212759978897408
1237663783674380989,31.7101955562443,-0.28068445877504
1237663783674446301,31.7606775317728,-0.247520882923789
1237663783674839643,32.672536091378,-0.22139461340535
1237663783674905193,32.8696564168041,-0.219641566649354
1237678434328117363,6.65821754245433,1.10326706616041
1237663783675560752,34.4074867433346,-0.228688978427436
1237663783676150627,35.7669318099812,-0.27743933909189
1237663783676347618,36.1298116523764,-0.258543209472017
1237663783676544172,36.5490963252906,-0.357318348280038
1237678437015486823,37.6741742147758,1.11319445996846
1237663783677198500,38.1479920994147,-0.413393581529632
1237663783677657750,39.2007837084155,-0.330218259747137
1237663783678050987,40.0528635559041,-0.370490660015579
1237678437016601420,40.180571501505,1.07469008193022
1237663783678444931,40.9594588804853,-0.338035305172362
1237663783678771665,41.6334731052521,-0.371749050852585
1237663783679033412,42.3502282583859,-0.328373205721672
1237663783679099336,42.391731240634,-0.263633888412904
1237663783680737380,46.2330458896022,-0.272172669855513
1237663784197489432,0.288729511299547,0.00553484159444601
1237663784197554835,0.370311917978535,0.0181762818778506
1237663784197686484,0.691092058212419,0.205829431244973
1237663784197882586,1.11938770506351,0.0809564319035936
1237663784198013187,1.35381802977908,0.0561263640956349
1237663784198078946,1.5562855632987,0.0620800052377307
1237678617429606651,26.840759417551,1.25662750520144
1237663784198079600,1.62563915395938,0.205175359793244
1237663784198210094,1.85520672758785,0.0893440682218664
1237663784198407023,2.26829988801276,0.112712041917427
1237663784199717527,5.29154046351409,0.0765756322264798
1237663784200176354,6.36368121653813,0.136278301189303
1237663784200701018,7.62530354753571,0.161688544042513
1237663784200963269,8.22544707219418,0.151993729766128
1237663784201355679,9.00189385588864,0.199082856905047
1237678617431901354,32.1865115067382,1.14498392902312
1237663784201356584,9.03057243631489,0.20201590101825
1237663784201421912,9.20785534435961,0.0609103857140788
1237663784201749466,9.95904865642319,0.0872334084124538
1237663784202535623,11.7731518009762,0.121676910841844
1237663784202666219,12.0797707428036,0.00860184456172367
1237663784202732554,12.1786207736524,0.150167275972424
1237663784202994503,12.8588097512358,0.190798165493916
1237663784203256222,13.3306951363055,0.113713272942331
1237663784203388076,13.666523599748,0.172242067167876
1237678617436685130,43.052925879436,0.818356231811049
1237663784203715953,14.4172642243392,0.0479292920599075
1237663784204042690,15.15277066272,0.205076925366584
1237663784204173828,15.4710773320806,0.0629340768924412
1237663784204305690,15.7449555120762,0.0418883644489513
1237663784204502503,16.1698859437497,0.159262347296651
1237663784204960979,17.3121478605814,0.104757083894558
1237663784205418932,18.2710096106374,0.0876168384503838
1237680000914292981,32.8962961935417,-0.986328039774838
1237663784206205448,20.1155239514015,0.146245528852333
1237663784206206204,20.1236416008146,0.0294741338700192
1237663784206664939,21.10618092025,0.0485237481685538
1237663784207189160,22.3457465979885,0.172176358074829
1237663784207516947,23.1912466483062,0.198447088608731
1237663784207974875,24.1311797060003,0.0862945235411322
1237663784208105522,24.5336373430079,0.135277497366848
1237663784208105875,24.4192360625966,0.127036600148805
1237663784208302590,24.9144872567104,0.0390362053198139
1237663543696622680,1.47477882406707,0.412055201477992
1237663784208499311,25.3794132118215,0.188704785023179
1237663784208565333,25.4721679092559,0.123288230329864
1237663784209154888,26.9352599702067,0.105353581900674
1237663784209155084,26.9219822263107,0.0847586333338432
1237663784209679411,28.0539043813831,0.0243898756725271
1237663784209941414,28.6149713916095,0.179536767600352
1237663784210006186,28.784066711627,0.0854454936581977
1237663784210006534,28.7752675588139,0.106511670251282
1237663784210137126,29.0632473370043,0.106506801873041
1237663784210202916,29.194702607768,0.00903406313114838
1237663784210464890,29.8819546065863,0.201158883881639
1237663784211055697,31.2157421011169,0.0226550056350734
1237663784211120842,31.3831580446353,0.145833763195017
1237663784211383099,32.0293449889593,0.168286311765366
1237663784211514367,32.2586164478386,0.0201299384268076
1237663784212432136,34.3966015009868,0.027281488431614
1237663784212497790,34.5758491941167,0.15282781357979
1237663784212955412,35.5009679416556,0.140287673983492
1237663784213480456,36.7141443079532,0.0766870550976749
1237663784214069290,38.131132398176,0.047478359787385
1237663784214463726,39.0526640345031,0.15992349862932
1237663784214790659,39.7166582116338,0.0217399646095273
1237663784214856171,39.8650994182743,0.171373018055708
1237663784215445842,41.3182413034048,0.0690564202603331
1237663784215446202,41.287306778505,0.0958177944661224
1237663784215708618,41.8735877184734,0.124661871668027
1237663784216691597,44.1585639801206,0.0850172305973995
1237663784216953987,44.7405079725889,0.139816754620065
1237663784217149855,45.1169877898861,0.0862160519452453
1237663784217674627,46.3860455754895,0.186035374749251
1237663784217870864,46.7947369028167,0.165231153642402
1237663784218067556,47.2321886033593,0.012862457365915
1237663784219247453,49.8773932626549,0.0696836959519847
1237663784219247716,49.862900862707,0.125260800326395
1237663784739734624,12.4566492159175,0.605350690174567
1237663784739734678,12.5694492617938,0.556123889839189
1237663784740061635,13.2045825093475,0.451362650632906
1237663784740259021,13.6641991289612,0.503653983743342
1237663784740389773,14.0565072708381,0.538819960446807
1237663784740651623,14.5772368445503,0.563363306659662
1237663784740913638,15.1203231191525,0.443024376053118
1237663784741044722,15.4225801846618,0.485548501100691
1237663784741372950,16.1750491187201,0.491702628713484
1237663784741962189,17.5735122899627,0.580641964694357
1237663784742027513,17.7441001296359,0.594384041701036
1237663784742093760,17.8560723136389,0.554718720304788
1237663784742224252,18.130112335959,0.535556841790877
1237663784742355459,18.4784936648807,0.46299654874626
1237663784742487211,18.8121180035694,0.421106535952517
1237663784743076433,20.1406546995974,0.544912573269855
1237663784743404353,20.8326958175479,0.582276753442752
1237663784743404476,20.9252846425116,0.513542402388694
1237663238203113667,52.4792170733142,-0.210613423144966
1237663784743469898,21.1019444232578,0.471819119830004
1237663784743600836,21.3800581216042,0.521965734128351
1237663784743666086,21.5267577040708,0.568208388678925
1237663784743993810,22.1982273801051,0.434407771716564
1237663237131796638,57.9335603310847,-1.13008732257856
1237663784744256969,22.8740964335505,0.436323957324387
1237663784744452121,23.2176037508379,0.528405335641307
1237663784744452471,23.3185080674713,0.510366721191733
1237663237129437793,52.5247627295273,-1.23886670048786
1237663784745894049,26.6269762022133,0.625410763300459
1237663784746025668,26.9071623765119,0.620737344273605
1237663784746352869,27.6163551485555,0.493089734406936
1237663784746353164,27.6310739472323,0.422341419164751
1237663784746418963,27.8350066373549,0.456741113184335
1237663784746615383,28.2179158058797,0.419794676327424
1237663784746680407,28.4272833439938,0.597802326438879
1237663784746680945,28.3582415504698,0.505907495073546
1237663784747533275,30.3701615681936,0.495836421797966
1237663784747729784,30.7465967726957,0.485847690607175
1237663784748974358,33.6736499668887,0.479412090510478
1237663784748974993,33.5976741175601,0.514178560661365
1237663784749040648,33.7878360780141,0.603600347600845
1237663784749434018,34.587994183805,0.468564725116772
1237663784749498661,34.7653884738378,0.446219390151777
1237663784750023397,36.0585003378946,0.431464170243841
1237663784750219710,36.4797314900406,0.574694544907038
1237663784750679132,37.4823918942513,0.492546897359354
1237663784750743789,37.5888859396619,0.620138822155537
1237663784750875430,37.9991554685619,0.439281022884864
1237663784750875465,38.0077203835803,0.470485203382138
1237663784751202378,38.6847134968817,0.617237692255485
1237663784751202864,38.6943425577853,0.423740394030656
1237663784751334343,39.0437948352317,0.447710501106252
1237663204917576437,7.79265573530685,0.71636673765836
1237663784751399422,39.1569224491921,0.448935070480126
1237663784751530440,39.4284261985499,0.623621363150344
1237663784751727263,39.941032285797,0.590918260002403
1237663785276539970,12.3822053420128,0.941943740277922
1237663785276670674,12.5790231920347,0.932046094370253
1237663785276735534,12.8081829837393,0.9899649203813
1237663785276998380,13.3481772818903,0.9352136982292
1237663785277718824,14.9883860260792,0.96020467400775
1237663785277719298,15.0393876553249,0.844646496682618
1237663785277915642,15.5281316666877,0.981174182357431
1237663785278440469,16.7247072546816,0.969214185163968
1237663785278505857,16.8235235253215,0.936112979300591
1237663785279357357,18.7195051706018,1.01263247690746
1237663785279423158,18.9563034202308,0.950258535413951
1237663785279881668,19.968019979547,0.997331479960267
1237663785280143578,20.6400261662557,0.945143082082843
1237663785281454541,23.5679507041781,0.886143293815995
1237663785282371781,25.7414635135458,0.924464142972442
1237663785282438010,25.8692058456745,0.984065571321665
1237663785282502965,25.9600156854779,0.981439116597691
1237663785283223905,27.5537795528039,0.844390292551748
1237663785283289911,27.8328092406129,0.968667066115544
1237663785283748224,28.753876336817,0.92847017710201
1237663785284338427,30.2040894649632,0.92274485378241
1237663785284927731,31.4821014854976,0.863920187012077
1237663785284928379,31.5863097774651,0.892050648731462
1237666299479262357,44.4236185021439,-1.0060594423215
1237660025065308254,56.4372936264117,-0.836538496874357
1237666299479982636,46.0493569049372,-1.0223055988378
1237666299480113737,46.3396060418027,-1.01757842973439
1237666299480113857,46.3809201934879,-1.04940919998808
1237666299480114284,46.3911194228088,-0.893125883665552
1237666299480900356,48.1829919173848,-0.994267426302706
1237666299481818100,50.2014286075255,-1.04321156010359
1237666299481882766,50.4030980217851,-1.04169932071422
1237666299482014664,50.7213237418253,-0.871609006645126
1237666299482080057,50.8185343767584,-1.01587324148941
1237666299482211213,51.1621721625093,-0.895562642675571
1237666299483455874,53.9140334303611,-0.915915049110094
1237666299483783670,54.6762332768899,-0.948273197451908
1237666299483783928,54.6752652488622,-0.899114033542719
1237666299484111885,55.5351643815416,-1.03035774378828
1237666299484570080,56.5452882838728,-1.03609874696699
1237666299484701610,56.8416990780976,-0.970833238764639
1237666299485749849,59.2762736837266,-0.92913559603959
1237666300016460816,45.2159711127418,-0.441733600728583
1237666300016984951,46.3575625940896,-0.576712556339373
1237666300017509471,47.5770857272769,-0.587573537848987
1237666300017509690,47.6047783619429,-0.580584354618013
1237666300017770817,48.1393289251983,-0.584425772062527
1237666300018033534,48.7579321357917,-0.425382023076379
1237666300018099160,48.9006670427145,-0.625558235299882
1237666300018295486,49.3590268470051,-0.502394986025132
1237666300018622884,50.0282936715963,-0.430455823240869
1237666300018819591,50.4725560917191,-0.579895047568433
1237666300019082257,51.1592337714512,-0.465427221234326
1237666300019474829,52.0503392179395,-0.514252904364861
1237666300019540501,52.1270953433844,-0.485810036375146
1237666300020261899,53.8050016320759,-0.602760329596894
1237666300021047548,55.5952751998129,-0.466580900233617
1237666300021310328,56.2193231167944,-0.50140939859451
1237666300021441372,56.5928173957573,-0.457638774632189
1237666300022489573,58.9525300664125,-0.602228536755629
1237666300553199899,44.87477569132,-0.151319157485062
1237666300553266089,45.0470114728218,-0.133106572692247
1237666300553593197,45.6852960554485,-0.175910837127958
1237666300553659102,45.8214342710779,-0.0146251762208402
1237666300554052214,46.7971202529214,-0.0471793849111672
1237666300554314888,47.3833406695235,-0.180720210444653
1237666300555165812,49.3578190446095,-0.16259523461812
1237666300555494021,50.0669619944835,-0.0137505248008597
1237666300555560103,50.2624323698466,-0.00707070557415396
1237666300555821468,50.7869818507708,-0.202184077829014
1237666300555886841,50.9951165934825,-0.162001991708988
1237666300558116031,56.0725076340375,-0.166166942802226
1237666300558639556,57.2764065850253,-0.0900448161351341
1237666300559032778,58.1411242096024,-0.0997086677805894
1237666300559229519,58.6049712988569,-0.185224038563188
1237666300559753830,59.8689987832535,-0.0168259204917171
1237666301090136624,44.9767532479668,0.244617452749404
1237666301090595309,45.9998297410419,0.214296476148166
1237666301090792066,46.5366929079406,0.212846902119355
1237666301090792403,46.4226181275638,0.306755664376521
1237666301091054037,47.0166682414308,0.224752865478506
1237666301091709331,48.5837423635361,0.387607349805241
1237666301092037154,49.2983137397465,0.343453735036145
1237666301092495798,50.33220090208,0.302685376646707
1237666301093675844,53.0888663211996,0.317216357263443
1237666301094003292,53.8443535596488,0.298331341174241
1237666301094724764,55.4743586068961,0.259535906451177
1237666301094724788,55.4889264422387,0.249736644798357
1237666301095051630,56.1554464027638,0.390878619629804
1237666301095379001,57.0041498365214,0.372461953393564
1237666301627335215,45.7414623734434,0.789159511471671
1237666301627859739,46.9085606854125,0.772688607407731
1237666301628776602,48.9738426291692,0.750464106885931
1237666301628842813,49.1258775747413,0.796387379150936
1237666301629825445,51.4266583055929,0.708770365876204
1237666301629956789,51.7870559589642,0.729587181979558
1237666301630153911,52.1341357027142,0.705589207039383
1237666301631201715,54.5077920837494,0.731337956843755
1237666301631530044,55.3458467946217,0.761935507942787
1237666301632643514,57.850781857751,0.644868770124286
1237666301632905705,58.4573137984745,0.642479303807632
1237666301633167401,59.0397503077367,0.702734242774478
1237666301633233671,59.2398169234019,0.65456147069635
1237666302164599336,46.6626809474087,1.05330009158013
1237666302164861270,47.1663693943077,1.21616441609526
1237666302164861635,47.1811187346557,1.0603800493538
1237666302165778984,49.3284058502729,1.24205386967849
1237666302166106934,50.1313096887399,1.06287719363231
1237666302166368533,50.710324291533,1.10518911464199
1237666302166434367,50.8998173201115,1.05744393547959
1237666302166500196,50.9755283359642,1.15142767206262
1237666302168138183,54.7302312375405,1.06094360982459
1237666302168531677,55.6444571530047,1.18816702839654
1237666302169252306,57.3171459501851,1.10526826279256
1237666302169842170,58.5572114193101,1.20463230243613
1237666302170038978,59.1194067817269,1.15893599938196
1237666338114372032,14.6065664646813,-0.887940035255389
1237666338115290014,16.7434846593911,-0.843299047832047
1237666338115617372,17.5277798037004,-0.871429514079689
1237666338115879675,18.0176130729243,-0.993370349428645
1237666338650980616,13.965272031037,-0.620201314935249
1237666338651112454,14.3591864193987,-0.46289918429893
1237666338651309013,14.7174722523562,-0.587451837747839
1237666338651636608,15.5809001735183,-0.423339151004102
1237666338651701889,15.6968760474282,-0.440745154642717
1237666338651833274,16.0493791464348,-0.529194152231479
1237666338651899129,16.1006307668715,-0.572242841716041
1237666338651963692,16.3257325301375,-0.450467257924394
1237666338652356994,17.2185431824032,-0.584269645788324
1237666338652357134,17.1454794374323,-0.526282836554411
1237666338652357406,17.2325972066713,-0.553247050240845
1237666338652423176,17.4024277851817,-0.422684543969718
1237666338652487718,17.4953083839683,-0.583009917994131
1237666338653012676,18.7331230525609,-0.459200055045848
1237666338653864245,20.5652149507072,-0.498451008435686
1237666339187917365,14.1553835711384,-0.0849431695041248
1237666339187917434,14.181965719152,-0.139100031224598
1237666339187983234,14.3294106100853,-0.0576001206732555
1237666339188179834,14.7573287852734,-0.097364562922365
1237666339188375971,15.1785611328554,-0.0861202983176568
1237666339188704272,16.0123074752387,-0.162390662642581
1237666339188835175,16.3482259157144,-0.117215311086667
1237666339188901030,16.4879637835776,-0.146301054927899
1237666339189228361,17.2098295178259,-0.12714761848507
1237666339189621610,18.1371501057974,-0.042974071314355
1237666339190080509,19.0640760985439,-0.026473754781181
1237666339724985100,14.5639260767684,0.389976087445257
1237666339725509196,15.8255497627376,0.353349508315208
1237666339725902123,16.734513997379,0.3840932695899
1237666339726426625,17.8988542248145,0.294724791062657
1237666339726754006,18.6798353572338,0.246022137654277
1237666339727212870,19.6588375861728,0.287852623358038
1237666339727606436,20.6762371582765,0.277688235816598
1237666340796957161,10.6621229576976,1.06052583945041
1237666340797219162,11.1771177100614,1.19621851913029
1237666340798136890,13.3196976915735,1.13473253414655
1237666340798267632,13.5234986897304,1.12536672140313
1237666340798333744,13.6603346442213,1.16288295502476
1237666340799906036,17.2942222774712,1.14147681859217
1237666340800299753,18.2225159372169,1.06358052035438
1237666340801610277,21.2883190487815,1.1038459869714
1237666406845383682,31.0412522521426,-0.97941942443726
1237666406845580224,31.4665376171354,-0.986799507501477
1237666406847021860,34.7318118902014,-1.00660425525772
1237666406847676852,36.2129768000732,-0.924572254887295
1237666407378453188,22.3883540147027,-0.531945119162014
1237666407378846608,23.2538038658275,-0.536965572928196
1237666407379042816,23.6772611819406,-0.453161915206284
1237666407379763886,25.3438591140619,-0.542506423866398
1237666407379829595,25.4369213452612,-0.600647397946868
1237666407379894787,25.6337075202019,-0.437978368468033
1237666407379895080,25.6087975478995,-0.509363322545919
1237666407379895272,25.6143603729748,-0.553615731283978
1237666407380484680,26.9561424563895,-0.46155221267217
1237646587699069762,55.648075600996,0.844237983146799
1237666407380550036,27.0697127218913,-0.598797873233715
1237666407380681121,27.3831577896973,-0.598869325564304
1237666407380877905,27.90236611185,-0.425668094971345
1237666407380943765,28.0181626541028,-0.478152572555188
1237645943433987188,37.9544934407049,0.630953560274409
1237666407381468135,29.2859419946281,-0.525499004624874
1237666407381598247,29.5345777525305,-0.431237976305958
1237666407381927173,30.2221187983511,-0.475800348255563
1237666407381991580,30.4673766005584,-0.55414383276713
1237666407382057155,30.5912343638747,-0.495149987187687
1237666407382057633,30.5614880384185,-0.468651097535111
1237666407382058346,30.5751190233887,-0.458999150815591
1237666407382122976,30.6740862058074,-0.500092520577126
1237666407382189297,30.8196156216175,-0.566532126464688
1237666407382582369,31.7305201929321,-0.612427380803681
1237666407916176634,24.2055624215729,-0.102980569562631
1237666407916306822,24.5434708006304,-0.208978655571557
1237666407916831817,25.7934336712457,-0.00693003991527033
1237666407917159082,26.5074698150833,-0.192562446106977
1237666407917421110,27.1265290839531,-0.132301555853992
1237666407917487004,27.2494508838292,-0.019244837245014
1237666407917945406,28.3412746235481,-0.0333883625298003
1237666407918011172,28.5318431482181,-0.119025799246825
1237666407918928653,30.5902640739603,-0.207021926154519
1237666407919124854,30.9695774436372,-0.0981680709104144
1237666407919256523,31.356751334218,-0.0705356830043024
1237666407919780771,32.5072748794099,-0.171042215097079
1237663783145571006,50.0514319390837,-0.635045099251778
1237666407919845418,32.5903983573655,-0.0744314142151063
1237666407919977524,32.9740167322175,-0.206412531095885
1237666407920173961,33.3651462293789,-0.208439172055234
1237666407920435334,34.0649341591097,-0.126539320648166
1237666407920763861,34.7577383341723,-0.0214420283005582
1237666407921419101,36.3280745082762,-0.148547511045141
1237666407921681029,36.9076646476072,-0.0437240245984876
1237666407921746942,37.061762971424,-0.0373447126190436
1237666407922664358,39.0930849208214,-0.154523154777426
1237666407923254276,40.4234431688024,-0.109999065219501
1237666407923319244,40.5765852967279,-0.00228042829631849
1237666408442561542,0.305802887858476,0.221194985328645
1237666408456061350,31.1001743494446,0.21867510738148
1237666408456127796,31.3107410316628,0.384449674603978
1237666408456586411,32.3147447626181,0.289439174998398
1237666408457175594,33.7330430721582,0.252786664001536
1237666408457175912,33.7122460569694,0.302642150744842
1237666408457372838,34.1543836899963,0.236547245336056
1237666408458224193,36.0842289748842,0.390932124008065
1237666408458290132,36.201396757753,0.26969544934397
1237666408459206728,38.286592389104,0.263837749723653
1237666408459207193,38.3374892629778,0.354891536746482
1237666408459600940,39.2045190417512,0.344666370790075
1237666408459796876,39.6781349423101,0.31758127382095
1237666408460059551,40.306494906496,0.394335729746186
1237666408460124763,40.4431690844048,0.21358650635938
1237666408460190401,40.6715535431438,0.374602926581182
1237666408460386648,40.9833983855614,0.374504241022269
1237666408460582952,41.4326916802157,0.290827865519787
1237666408460648828,41.6124825180453,0.355996192611976
1237666408460779901,41.8743483913481,0.266763589391236
1237666408460780423,42.0070405528364,0.381961844314253
1237666408994112409,33.9281367347836,0.640448217217648
1237666408994636098,35.1014002199673,0.642591460274348
1237678433254572256,7.57822420707517,0.759604804211101
1237678433791247346,7.04335727546791,0.643965694062877
1237678433791312534,7.2013340089711,0.800068942218188
1237678433791378633,7.21051744901621,0.97712604827655
1237678433791443741,7.43113498719479,1.05901288747207
1237678433791509377,7.43605839079699,1.07671804940424
1237678434327921787,6.46596053908591,0.729477848367342
1237678434327986728,6.46268453507854,0.846857408597903
1237678434864858076,6.26726106171745,1.15678468887032
1237678437014438470,35.2945878620296,1.11548927878385
1237678437014700908,35.8457807070475,1.20605451704886
1237678437015094230,36.8297751946971,1.15221790181131
1237678437015683497,38.0933743558768,1.09608758497744
1237678437016076672,38.9527532025729,1.1906729753677
1237678437016141871,39.1623263971244,1.0891120405044
1237678437017322002,41.9404953805874,1.081564593061
1237678437017519022,42.2976663302641,1.12081626821127
1237678437017519086,42.3242038965347,1.1385291696807
1237678437018501537,44.509958763921,1.06172650195792
1237678437019025424,45.7349604149648,0.917416165949269
1237678617419186332,3.1299608259651,1.25754664718252
1237678617427313868,21.6835836232867,1.16508028253153
1237678617427968972,23.1211497365945,1.21826734324941
1237678617428820408,25.0333833833112,1.1733387406863
1237678617429017409,25.5661976717133,1.20385531876111
1237678617429541506,26.8028492583957,1.16102252214924
1237678617429672755,27.0573892260776,1.10338071230824
1237678617430000351,27.8370625856452,1.20566868173145
1237678617430196857,28.1789843514883,1.0535468500622
1237678617430393649,28.7513128265732,1.19988958723791
1237678617431179990,30.5643003505977,1.13873322770377
1237678617431507512,31.1964462989068,1.044670877779
1237678617431573700,31.339840936623,1.08176237378879
1237678617431638552,31.5304511992412,1.1016874604446
1237678617432031731,32.4048331152603,0.996113206056282
1237678617432753099,34.1012884282179,1.03492713863789
1237678617433277698,35.3153329694875,0.900347804988703
1237678617433604560,35.97463266227,1.08772079757572
1237678617433801273,36.4067442725017,0.876099122767313
1237678617434981285,39.130815917286,1.01909322204185
1237678617435571133,40.526647462297,0.806595893089299
1237678617435767026,40.9913740015844,0.886438502589602
1237678617436094931,41.6755058368857,0.895773258815736
1237678617436750460,43.1410497074942,0.874333600073525
1237678617436881890,43.5811091572646,0.755257504071673
1237678617436947101,43.7214125605567,0.722283771840796
1237678617971982916,39.4684692698318,1.23593307906744
1237678617974145938,44.4749712517229,1.21931739260812
1237678617974735818,45.7523188136085,1.21239057710458
1237680000378995376,35.7237037629094,1.25451304336922
1237680000914293342,32.8805596164798,-0.860286564508444
1237680099167306145,32.2807479598757,1.17159267306653
1237680099167568294,32.878155518127,1.2490083390796
1237680099167764588,33.460097008864,1.18657443463037
1237666300021244852,56.0879342991701,-0.469971372071785
1237666300021245024,56.0591832131637,-0.419346213352305
1237666300557918997,55.6813344566144,-0.0235487482369366
1237666301092561789,50.597456673469,0.362432290060946
1237666302166762429,51.6490933111999,1.20923567119897
1237666338116010249,18.3418648308279,-0.888185116407189
1237666340798005821,12.9497969661464,1.10011566085572
1237666340801413538,20.7815920882746,1.117042226788
1237666340801413899,20.7072229191578,1.11275728648965
1237666407381270823,28.7902674630387,-0.584117050748562
1237666407381271266,28.8010390941276,-0.625133658653193
1237669771914707911,31.8796800429143,0.96509016377502
1237680099167567947,32.9976027388087,1.22119867167987
