objid,pid1,photoZ1,photoZ_err1,schlegelZ1,schlegelZ_err1,absMagR1,u1,g1,r1,i1,z1,pid2,photoZ2,photoZ_err2,schlegelZ2,schlegelZ_err2,absMagR2,u2,g2,r2,i2,z2
1237663239272202585,1237663239272202586,0.366251,0.105852,null,null,-20.6358,21.34584,21.15712,21.3985,20.86054,21.1341,1237663239272202585,0.198027,0.141783,null,null,-18.4049,21.34584,21.15712,21.3985,20.86054,21.1341
1237678433254769309,1237678433254769309,0.390915,0.137341,null,null,-21.2502,24.29402,21.81843,20.61666,19.9662,19.75787,1237678433254769309,0.390915,0.137341,null,null,-21.2502,24.29402,21.81843,20.61666,19.9662,19.75787
1237663782589956274,1237663782589956274,0.224323,0.036326,null,null,-21.4322,21.86586,20.12708,18.93756,18.37511,18.1487,1237663782589956274,0.224323,0.036326,null,null,-21.4322,21.86586,20.12708,18.93756,18.37511,18.1487
1237666407921811592,1237666407921811591,0.148056,0.017503,null,null,-22.335,21.89468,21.84015,21.97284,20.72162,22.82689,1237666407921811592,-9999,-9999,null,null,-18.744,21.89468,21.84015,21.97284,20.72162,22.82689
1237663783140720804,1237663783140720804,0.159285,0.053307,null,null,-19.2833,20.50832,19.7742,20.05292,19.98935,21.44586,1237663783140720804,0.159285,0.053307,null,null,-19.2833,20.50832,19.7742,20.05292,19.98935,21.44586
1237678617972113583,1237678617972113582,0.107844,0.027636,null,null,-20.3626,21.4493,19.99064,19.40385,18.99336,18.89105,1237678617972113583,0.125245,0.038665,null,null,-19.599,21.4493,19.99064,19.40385,18.99336,18.89105
1237666407921811593,1237666407921811593,0.345672,0.053749,null,null,-21.4964,20.94347,20.38335,19.52194,19.1837,18.84927,1237666407921811593,0.345672,0.053749,null,null,-21.4964,20.94347,20.38335,19.52194,19.1837,18.84927
1237663784751465119,1237663784751465433,0.36601,0.090446,null,null,-18.6501,22.56928,20.77975,19.72589,19.17199,18.93277,1237663784751465433,0.36601,0.090446,null,null,-18.6501,22.56928,20.77975,19.72589,19.17199,18.93277
1237666407917682856,1237666407917682856,0.388606,0.063645,null,null,-22.0947,22.83648,21.41221,19.89261,19.2052,18.84568,1237666407917682856,0.388606,0.063645,null,null,-22.0947,22.83648,21.41221,19.89261,19.2052,18.84568
1237663784751464748,1237663784751464748,0.188079,0.03172,null,null,-20.4581,21.144,20.15624,19.5385,19.19438,19.1518,1237663784751464748,0.188079,0.03172,null,null,-20.4581,21.144,20.15624,19.5385,19.19438,19.1518
1237657584950968557,1237657584950968557,0.326445,0.054149,null,null,-21.1885,21.00794,20.427,19.68731,19.40402,19.0802,1237657584950968557,0.326445,0.054149,null,null,-21.1885,21.00794,20.427,19.68731,19.40402,19.0802
1237666301628777033,1237666301628777033,0.680136,0.035056,null,null,-23.2494,25.27901,23.8721,21.48247,20.07952,19.64233,1237666301628777033,0.680136,0.035056,null,null,-23.2494,25.27901,23.8721,21.48247,20.07952,19.64233
1237657190371950837,1237657190371950837,0.14234,0.039986,null,null,-19.6653,21.00739,20.0538,19.57705,19.25365,19.50882,1237657190371950837,0.14234,0.039986,null,null,-19.6653,21.00739,20.0538,19.57705,19.25365,19.50882
1237663784747139553,1237663784747140015,0.261884,0.094097,null,null,-18.2204,23.34606,22.74853,21.37944,20.73531,20.3842,1237663784747140015,0.261884,0.094097,null,null,-18.2204,23.34606,22.74853,21.37944,20.73531,20.3842
1237663783130366364,1237663783130366364,0.211537,0.060299,null,null,-20.1028,20.75694,20.18256,19.79448,19.54528,19.4097,1237663783130366364,0.211537,0.060299,null,null,-20.1028,20.75694,20.18256,19.79448,19.54528,19.4097
1237663783130366365,1237663783130366365,0.410744,0.070821,null,null,-20.0715,22.41199,21.52019,21.35534,21.20384,22.27243,1237663783130366365,0.410744,0.070821,null,null,-20.0715,22.41199,21.52019,21.35534,21.20384,22.27243
1237663784204173780,1237663784204173780,0.719958,0.111943,null,null,-21.5282,24.67349,24.09891,22.76504,22.06802,21.3327,1237663784204173780,0.719958,0.111943,null,null,-21.5282,24.67349,24.09891,22.76504,22.06802,21.3327
1237663782595723718,1237663782595723718,0.914651,0.046458,null,null,-22.8763,24.80177,25.41812,22.38848,21.13343,20.3328,1237663782595723718,0.914651,0.046458,null,null,-22.8763,24.80177,25.41812,22.38848,21.13343,20.3328
1237663783132660702,1237663783132660702,0.477833,0.147032,null,null,-18.3516,25.47905,23.86614,23.36857,21.19684,21.79708,1237663783132660702,0.477833,0.147032,null,null,-18.3516,25.47905,23.86614,23.36857,21.19684,21.79708
1237657069547422487,1237657069547422477,0.375418,0.034885,null,null,-20.3591,25.46545,24.70625,22.42313,23.20703,22.38221,1237657069547422477,0.375418,0.034885,null,null,-20.3591,25.46545,24.70625,22.42313,23.20703,22.38221
1237657069547487669,1237657069547487670,-9999,-9999,null,null,-18.5734,23.72371,23.38623,21.5217,20.65166,20.36212,1237657069547487669,0.47555,0.035585,null,null,-20.8877,23.72371,23.38623,21.5217,20.65166,20.36212
1237657069547487670,1237657069547487670,-9999,-9999,null,null,-18.5734,22.5871,21.42684,20.97198,20.59585,22.45046,1237657069547487669,0.47555,0.035585,null,null,-20.8877,22.5871,21.42684,20.97198,20.59585,22.45046
1237657071695429980,1237657071695429980,0.383478,0.240676,null,null,-19.7658,23.30029,22.00471,21.65736,21.31737,20.7664,1237657071695429980,0.383478,0.240676,null,null,-19.7658,23.30029,22.00471,21.65736,21.31737,20.7664
1237663783136264880,1237663783136264880,0.578587,0.052239,null,null,-21.4215,23.9047,24.42268,22.10665,21.0775,20.9801,1237663783136264880,0.578587,0.052239,null,null,-21.4215,23.9047,24.42268,22.10665,21.0775,20.9801
1237663783136264879,1237663783136264879,0.456748,0.045251,null,null,-21.355,23.11688,22.56868,20.81137,20.01726,19.87256,1237663783136264879,0.456748,0.045251,null,null,-21.355,23.11688,22.56868,20.81137,20.01726,19.87256
1237663784743535071,1237663784743535071,0.387935,0.03466,null,null,-20.3435,24.24102,23.96491,21.67102,21.04426,20.57172,1237663784743535071,0.387935,0.03466,null,null,-20.3435,24.24102,23.96491,21.67102,21.04426,20.57172
1237663782597231372,1237663782597231372,0.535229,0.026969,null,null,-21.8213,25.59017,22.82639,20.9301,19.98469,19.45345,1237663782597231372,0.535229,0.026969,null,null,-21.8213,25.59017,22.82639,20.9301,19.98469,19.45345
1237663783671956113,1237663783671956111,0.481107,0.125885,null,null,-20.648,23.94372,22.26212,21.72831,21.38919,21.42156,1237663783671956111,0.481107,0.125885,null,null,-20.648,23.94372,22.26212,21.72831,21.38919,21.42156
1237663782599459467,1237663782599459467,0.230076,0.132661,null,null,-17.8957,23.96722,23.01104,22.41954,22.23755,21.74728,1237663782599459467,0.230076,0.132661,null,null,-17.8957,23.96722,23.01104,22.41954,22.23755,21.74728
1237663782599459466,1237663782599459466,0.453544,0.136853,null,null,-20.7793,21.96432,21.69418,20.94381,20.72127,20.91671,1237663782599459466,0.453544,0.136853,null,null,-20.7793,21.96432,21.69418,20.94381,20.72127,20.91671
1237663782599852866,1237663782599852866,0.338477,0.117739,null,null,-20.2765,22.678,21.79451,21.03927,20.75177,20.72153,1237663782599852866,0.338477,0.117739,null,null,-20.2765,22.678,21.79451,21.03927,20.75177,20.72153
1237663782599852867,1237663782599852867,0.214776,0.088552,null,null,-19.1196,23.14013,21.83251,21.038,20.76854,21.19183,1237663782599852867,0.214776,0.088552,null,null,-19.1196,23.14013,21.83251,21.038,20.76854,21.19183
1237663782599787307,1237663782599787306,0.435688,0.075249,null,null,-19.9025,24.10008,22.37653,21.57559,21.03905,20.52689,1237663782599787306,0.435688,0.075249,null,null,-19.9025,24.10008,22.37653,21.57559,21.03905,20.52689
1237663784213610802,1237663784213610802,0.188028,0.046089,null,null,-20.1063,21.99149,20.54979,19.70508,19.26064,19.07881,1237663784213610802,0.188028,0.046089,null,null,-20.1063,21.99149,20.54979,19.70508,19.26064,19.07881
1237663783142818245,1237663783142818245,0.432303,0.121032,null,null,-19.836,24.25728,23.09634,21.97421,21.68635,21.08354,1237663783142818245,0.432303,0.121032,null,null,-19.836,24.25728,23.09634,21.97421,21.68635,21.08354
1237663783678116223,1237663783678116224,0.368372,0.10512,null,null,-20.9784,23.06941,22.281,20.71846,20.19806,19.94229,1237663783678116224,0.368372,0.10512,null,null,-20.9784,23.06941,22.281,20.71846,20.19806,19.94229
1237660241923015074,1237660241923015074,0.409221,0.102624,null,null,-21.5556,23.22922,22.02425,20.63808,19.96922,19.74262,1237660241923015074,0.409221,0.102624,null,null,-21.5556,23.22922,22.02425,20.63808,19.96922,19.74262
1237660241923015075,1237660241923015075,0.165695,0.066551,null,null,-19.4313,22.73873,21.00388,20.31691,20.00706,19.72586,1237660241923015075,0.165695,0.066551,null,null,-19.4313,22.73873,21.00388,20.31691,20.00706,19.72586
1237663238204359216,1237663238204359216,0.701142,0.046848,null,null,-22.304,24.47373,23.80581,22.17127,20.79054,20.27758,1237663238204359216,0.701142,0.046848,null,null,-22.304,24.47373,23.80581,22.17127,20.79054,20.27758
1237663783123878007,1237663783123878330,0.607851,0.216007,null,null,-19.2607,24.8532,25.62196,24.41152,22.11191,21.59752,1237663783123878330,0.607851,0.216007,null,null,-19.2607,24.8532,25.62196,24.41152,22.11191,21.59752
1237663783124337599,1237663783124337921,0.450136,0.034701,null,null,-20.678,22.37135,22.30585,21.45393,20.91927,21.3705,1237663783124337921,0.450136,0.034701,null,null,-20.678,22.37135,22.30585,21.45393,20.91927,21.3705
1237663783124402613,1237663783124337010,0.061827,0.038261,null,null,-18.1489,22.46737,22.22566,20.42738,19.50168,19.10148,1237663783124337010,0.061827,0.038261,null,null,-18.1489,22.46737,22.22566,20.42738,19.50168,19.10148
1237663784202273167,1237663784202273169,0.797018,0.099619,null,null,-19.8385,22.82612,21.28013,20.19049,19.77909,19.44379,1237663784202273169,0.797018,0.099619,null,null,-19.8385,22.82612,21.28013,20.19049,19.77909,19.44379
1237657189840716069,1237657189840716069,-9999,-9999,null,null,-18.1891,21.73886,24.44872,22.55835,22.32741,23.28045,1237657189840716069,-9999,-9999,null,null,-18.1891,21.73886,24.44872,22.55835,22.32741,23.28045
1237663784206402457,1237663784206402785,-9999,-9999,null,null,-17.7947,23.25845,22.9059,22.94936,22.29748,21.51985,1237663784206402785,-9999,-9999,null,null,-17.7947,23.25845,22.9059,22.94936,22.29748,21.51985
1237666407381467524,1237666407381467524,0.294441,0.076652,null,null,-20.1594,22.92326,21.5285,20.75506,20.46759,20.05915,1237666407381467524,0.294441,0.076652,null,null,-20.1594,22.92326,21.5285,20.75506,20.46759,20.05915
1237678617431769407,1237678617431769407,0.216498,0.0325,null,null,-21.326,22.87784,20.38711,19.18539,18.61453,18.35349,1237678617431769407,0.216498,0.0325,null,null,-21.326,22.87784,20.38711,19.18539,18.61453,18.35349
1237657070090912465,1237657070090912666,0.436862,0.122353,null,null,-20.1704,23.59367,24.76396,22.68421,24.08096,23.6229,1237657070090912666,0.436862,0.122353,null,null,-20.1704,23.59367,24.76396,22.68421,24.08096,23.6229
1237656971300766762,1237656971300766544,0.577881,0.044332,null,null,-21.132,24.67854,25.42536,25.09466,23.6906,20.443,1237656971300766544,0.577881,0.044332,null,null,-21.132,24.67854,25.42536,25.09466,23.6906,20.443
1237656971300766761,1237656971300766544,0.577881,0.044332,null,null,-21.132,24.02926,24.91306,25.10995,24.95802,20.29007,1237656971300766544,0.577881,0.044332,null,null,-21.132,24.02926,24.91306,25.10995,24.95802,20.29007
1237663784210727414,1237663784210727414,0.554761,0.113427,null,null,-21.0568,24.54788,22.94864,22.18605,21.33982,21.3456,1237663784210727414,0.554761,0.113427,null,null,-21.0568,24.54788,22.94864,22.18605,21.33982,21.3456
1237663784210727415,1237663784210727414,0.554761,0.113427,null,null,-21.0568,24.09871,22.91832,22.16051,21.70683,21.13137,1237663784210727414,0.554761,0.113427,null,null,-21.0568,24.09871,22.91832,22.16051,21.70683,21.13137
1237663783137968707,1237663783137968707,0.39934,0.104598,null,null,-20.7561,24.35227,22.40241,21.11728,20.54834,20.14082,1237663783137968707,0.39934,0.104598,null,null,-20.7561,24.35227,22.40241,21.11728,20.54834,20.14082
1237657587097665764,1237657587097600823,0.401945,0.054849,null,null,-21.446,24.60628,23.24342,23.38872,22.09108,22.33102,1237657587097600823,0.401945,0.054849,null,null,-21.446,24.60628,23.24342,23.38872,22.09108,22.33102
1237666299482538696,1237666299482538176,0.087555,0.028024,null,null,-19.3437,26.32967,23.37704,22.37812,20.90042,20.38429,1237666299482538176,0.087555,0.028024,null,null,-19.3437,26.32967,23.37704,22.37812,20.90042,20.38429
1237666300020457892,1237666300020457879,0.529889,0.028707,null,null,-22.7856,23.06576,22.98563,21.62152,20.55201,20.25341,1237666300020457879,0.529889,0.028707,null,null,-22.7856,23.06576,22.98563,21.62152,20.55201,20.25341
1237657190370771490,1237657190370771283,0.349996,0.110973,null,null,-20.4877,22.66397,23.31094,21.44123,20.20069,19.53885,1237657190370771283,0.349996,0.110973,null,null,-20.4877,22.66397,23.31094,21.44123,20.20069,19.53885
1237678617428034611,1237678617428034261,0.403865,0.084802,null,null,-21.0249,23.71285,23.26254,21.97392,21.56042,21.23079,1237678617428034261,0.403865,0.084802,null,null,-21.0249,23.71285,23.26254,21.97392,21.56042,21.23079
1237663782602998079,1237663782602998415,0.226945,0.105049,null,null,-19.2419,23.08559,20.7727,19.51893,18.96063,18.61636,1237663782602998415,0.226945,0.105049,null,null,-19.2419,23.08559,20.7727,19.51893,18.96063,18.61636
1237663783674446609,1237663783674446608,0.519156,0.047747,null,null,-22.5044,23.69404,22.32252,21.3819,20.84641,20.6324,1237663783674446608,0.519156,0.047747,null,null,-22.5044,23.69404,22.32252,21.3819,20.84641,20.6324
1237657071160591162,1237657071160591162,0.455395,0.028409,null,null,-22.1729,25.17125,22.70595,20.56543,19.75407,19.49195,1237657071160591162,0.455395,0.028409,null,null,-22.1729,25.17125,22.70595,20.56543,19.75407,19.49195
1237657071160591163,1237657071160591163,0.556787,0.039661,null,null,-21.6187,24.58146,23.27368,21.53755,20.61918,19.8399,1237657071160591163,0.556787,0.039661,null,null,-21.6187,24.58146,23.27368,21.53755,20.61918,19.8399
1237666408994308734,1237666408994308717,0.36578,0.102146,null,null,-20.012,23.63858,22.55203,22.75012,22.46193,22.03216,1237666408994308717,0.36578,0.102146,null,null,-20.012,23.63858,22.55203,22.75012,22.46193,22.03216
1237666408994308741,1237666408994308741,0.555413,0.147932,null,null,-21.4949,22.45134,22.05833,21.23914,20.73601,20.93718,1237666408994308741,0.555413,0.147932,null,null,-21.4949,22.45134,22.05833,21.23914,20.73601,20.93718
1237657070628438837,1237657070628438837,0.208531,0.048743,null,null,-20.5031,23.02054,20.79209,19.62121,19.17064,18.79606,1237657070628438837,0.208531,0.048743,null,null,-20.5031,23.02054,20.79209,19.62121,19.17064,18.79606
1237678617426395533,1237678617426395817,0.527881,0.053131,null,null,-20.8441,25.3583,21.67479,20.45523,20.0149,19.71353,1237678617426395817,0.527881,0.053131,null,null,-20.8441,25.3583,21.67479,20.45523,20.0149,19.71353
1237663784743535070,1237663784743535070,0.515477,0.026339,null,null,-22.5158,23.50762,22.50986,20.62599,19.66291,19.16378,1237663784743535070,0.515477,0.026339,null,null,-22.5158,23.50762,22.50986,20.62599,19.66291,19.16378
1237678617436750379,1237678617436750379,0.75213,0.078208,null,null,-21.6832,23.7647,22.48399,21.83985,21.03661,20.83897,1237678617436750379,0.75213,0.078208,null,null,-21.6832,23.7647,22.48399,21.83985,21.03661,20.83897
1237678617432752295,1237678617432752295,0.189287,0.033702,0.2202458,1.958721E-05,-20.6437,20.71392,19.84843,19.21612,18.87486,18.71558,1237678617432752297,0.220014,0.076671,0.2202458,1.958721E-05,-19.3762,20.71392,19.84843,19.21612,18.87486,18.71558
1237663783140720802,1237663783140720802,0.075766,0.01942,0.04330102,1.139624E-05,-21.1166,19.01185,17.40207,16.61756,16.20311,15.91092,1237663783140720802,0.075766,0.01942,0.04330102,1.139624E-05,-21.1166,19.01185,17.40207,16.61756,16.20311,15.91092
1237663784751661538,1237663784751661525,0.282509,0.128423,null,null,-18.7343,23.21259,21.7039,20.18474,19.65866,19.28808,1237663784751661525,0.282509,0.128423,null,null,-18.7343,23.21259,21.7039,20.18474,19.65866,19.28808
1237663784207581258,1237663784207581254,0.985655,0.142503,null,null,-18.7896,27.19505,28.14284,21.73553,24.24793,24.99094,1237663784207581255,-9999,-9999,null,null,-22.9994,27.19505,28.14284,21.73553,24.24793,24.99094
1237663784213610801,1237663784213610802,0.188028,0.046089,0.1649071,4.268728E-05,-20.1063,22.99831,20.03724,18.84659,18.37251,18.01328,1237663784213610802,0.188028,0.046089,0.1649071,4.268728E-05,-20.1063,22.99831,20.03724,18.84659,18.37251,18.01328
1237663239272202584,1237663239272202584,0.049389,0.024604,0.06742763,9.739533E-06,-18.508,19.6286,18.63937,18.3179,18.12059,17.98333,1237663239272202584,0.049389,0.024604,0.06742763,9.739533E-06,-18.508,19.6286,18.63937,18.3179,18.12059,17.98333
1237657586025431230,1237657586025431230,0.033844,0.018076,0.02737205,3.153432E-05,-18.3548,19.57853,18.26387,17.71774,17.47884,17.39235,1237657586025431230,0.033844,0.018076,0.02737205,3.153432E-05,-18.3548,19.57853,18.26387,17.71774,17.47884,17.39235
1237663784745959591,1237663784745959591,0.065849,0.020631,0.09293386,2.519031E-05,-21.5717,18.09022,16.67195,15.94446,15.57565,15.31242,1237663784745959591,0.065849,0.020631,0.09293386,2.519031E-05,-21.5717,18.09022,16.67195,15.94446,15.57565,15.31242
1237660338016223426,1237660338016223426,0.256366,0.031713,null,null,-22.0048,21.7617,20.10736,18.73826,18.16876,17.75259,1237660338016223426,0.256366,0.031713,null,null,-22.0048,21.7617,20.10736,18.73826,18.16876,17.75259
1237660338016223425,1237660338016223425,0.20482,0.017173,null,null,-22.1273,22.61383,19.57461,18.25255,17.73983,17.43218,1237660338016223425,0.20482,0.017173,null,null,-22.1273,22.61383,19.57461,18.25255,17.73983,17.43218
1237657190905872910,1237657190905872911,0.534497,0.090112,null,null,-21.3463,22.97469,22.76641,21.64633,20.62524,20.67724,1237657190905872911,0.534497,0.090112,null,null,-21.3463,22.97469,22.76641,21.64633,20.62524,20.67724
1237663784209416950,1237663784209416950,0.560213,0.053353,null,null,-21.6061,22.03052,21.99882,20.92878,20.27604,19.89924,1237663784209416950,0.560213,0.053353,null,null,-21.6061,22.03052,21.99882,20.92878,20.27604,19.89924
1237657070088684588,1237657070088684588,-9999,-9999,null,null,-18.2502,26.0589,24.92068,26.25919,24.6245,20.06239,1237657070088684588,-9999,-9999,null,null,-18.2502,26.0589,24.92068,26.25919,24.6245,20.06239
1237656971301028848,1237656971301028933,0.670401,0.127219,null,null,-20.6304,23.2627,24.46757,23.11659,21.74033,20.74893,1237656971301028933,0.670401,0.127219,null,null,-20.6304,23.2627,24.46757,23.11659,21.74033,20.74893
1237656971302011301,1237656971302011301,0.371207,0.02681,null,null,-21.8533,23.27077,21.64965,19.82563,19.22705,18.74621,1237656971302011301,0.371207,0.02681,null,null,-21.8533,23.27077,21.64965,19.82563,19.22705,18.74621
1237678437016339469,1237678437016338718,0.330872,0.048223,null,null,-21.3381,24.90355,26.38583,24.8146,22.07964,23.17053,1237678437016338718,0.330872,0.048223,null,null,-21.3381,24.90355,26.38583,24.8146,22.07964,23.17053
1237663783128727938,1237663783128727938,0.370031,0.068985,null,null,-21.8902,22.19583,21.00869,19.57766,18.97781,18.43571,1237663783128727938,0.370031,0.068985,null,null,-21.8902,22.19583,21.00869,19.57766,18.97781,18.43571
1237678617972113582,1237678617972113582,0.107844,0.027636,0.1270591,6.594872E-06,-20.3626,20.21463,18.94907,18.32863,17.88396,17.67945,1237678617972113583,0.125245,0.038665,0.1270591,6.594872E-06,-19.599,20.21463,18.94907,18.32863,17.88396,17.67945
1237678617432752297,1237678617432752295,0.189287,0.033702,null,null,-20.6437,22.49974,21.36266,20.77983,20.54977,20.77426,1237678617432752297,0.220014,0.076671,null,null,-19.3762,22.49974,21.36266,20.77983,20.54977,20.77426
1237666407382253720,1237666407382253719,0.095393,0.026824,null,null,-19.9245,21.73054,19.60736,18.53038,17.93994,17.47602,1237666407382253720,0.147433,0.029888,null,null,-20.8005,21.73054,19.60736,18.53038,17.93994,17.47602
1237663784745959595,1237663784745959597,0.52008,0.139694,null,null,-21.0049,22.39468,21.81701,21.53528,21.34223,22.00746,1237663784745959595,0.437361,0.086098,null,null,-20.0107,22.39468,21.81701,21.53528,21.34223,22.00746
1237663204923081061,1237663204923081061,0.400639,0.063077,null,null,-22.4403,22.25578,20.98482,19.53934,18.86068,18.3921,1237663204923081061,0.400639,0.063077,null,null,-22.4403,22.25578,20.98482,19.53934,18.86068,18.3921
1237666407382253719,1237666407382253719,0.095393,0.026824,0.1188448,1.409387E-05,-19.9245,20.15251,18.84645,18.29303,17.87616,17.6968,1237666407382253720,0.147433,0.029888,0.1188448,1.409387E-05,-20.8005,20.15251,18.84645,18.29303,17.87616,17.6968
1237663783128727937,1237663783128727937,0.323987,0.057774,null,null,-21.1955,22.00392,20.85873,19.92595,19.63056,19.30294,1237663783128727937,0.323987,0.057774,null,null,-21.1955,22.00392,20.85873,19.92595,19.63056,19.30294
1237663782589956273,1237663782589956273,0.197605,0.028351,null,null,-20.5615,22.70789,20.62258,19.42685,18.9783,18.62126,1237663782589956273,0.197605,0.028351,null,null,-20.5615,22.70789,20.62258,19.42685,18.9783,18.62126
1237666340797809016,1237666340797809016,0.389997,0.133463,null,null,-20.3303,22.96352,22.12834,21.25958,20.97442,21.00157,1237666340797809016,0.389997,0.133463,null,null,-20.3303,22.96352,22.12834,21.25958,20.97442,21.00157
1237666340797809015,1237666340797809015,0.466162,0.076601,null,null,-22.1112,22.33522,21.62738,20.39404,19.76056,19.24328,1237666340797809015,0.466162,0.076601,null,null,-22.1112,22.33522,21.62738,20.39404,19.76056,19.24328
1237663785277391531,1237663785277391802,0.599986,0.058812,null,null,-21.706,25.349,24.45581,24.27289,24.43771,20.66748,1237663785277391802,0.599986,0.058812,null,null,-21.706,25.349,24.45581,24.27289,24.43771,20.66748
1237663204923015387,1237663204923015387,0.339503,0.079283,null,null,-17.9035,22.56954,25.11948,23.05334,24.36186,22.82686,1237663204923015386,0.359841,0.052671,null,null,-21.2616,22.56954,25.11948,23.05334,24.36186,22.82686
1237663204923015385,1237663204923015385,0.100708,0.031117,null,null,-19.8582,20.45879,19.118,18.56514,18.23056,18.1216,1237663204923015386,0.359841,0.052671,null,null,-21.2616,20.45879,19.118,18.56514,18.23056,18.1216
1237666407918469895,1237666407918469895,0.158198,0.09275,null,null,-17.3208,23.86168,22.59123,22.12592,22.0519,21.66323,1237666407918469895,0.158198,0.09275,null,null,-17.3208,23.86168,22.59123,22.12592,22.0519,21.66323
1237666407918469894,1237666407918469894,0.46361,0.084611,null,null,-20.4384,22.28848,22.60065,21.35786,20.74424,20.48229,1237666407918469894,0.46361,0.084611,null,null,-20.4384,22.28848,22.60065,21.35786,20.74424,20.48229
1237663784751464747,1237663784751464747,0.222564,0.039565,null,null,-20.6961,21.38674,20.26006,19.49172,19.13196,18.96773,1237663784751464747,0.222564,0.039565,null,null,-20.6961,21.38674,20.26006,19.49172,19.13196,18.96773
1237660024522605174,1237660024522605174,0.361536,0.049773,null,null,-20.8168,24.70344,22.6714,20.89311,20.30838,20.02396,1237660024522605174,0.361536,0.049773,null,null,-20.8168,24.70344,22.6714,20.89311,20.30838,20.02396
1237660024522605175,1237660024522605176,0.44336,0.142129,null,null,-18.3796,23.84719,21.61421,20.85173,20.5074,19.92477,1237660024522605175,0.289806,0.115197,null,null,-20.1681,23.84719,21.61421,20.85173,20.5074,19.92477
1237666299479917127,1237666299479917127,0.170585,0.08059,null,null,-17.2086,24.60174,22.59474,22.52326,22.54078,22.31033,1237666299479917127,0.170585,0.08059,null,null,-17.2086,24.60174,22.59474,22.52326,22.54078,22.31033
1237657191980073280,1237657191980073280,0.199306,0.077371,null,null,-19.7076,21.92845,20.88035,20.27856,19.86125,19.56707,1237657191980073282,0.339613,0.079224,null,null,-21.6878,21.92845,20.88035,20.27856,19.86125,19.56707
1237657189835407991,1237657189835407991,0.321902,0.035073,null,null,-22.0165,22.28992,20.88941,19.32827,18.75273,18.47822,1237657189835407992,0.221524,0.093801,null,null,-19.4933,22.28992,20.88941,19.32827,18.75273,18.47822
1237657189835407992,1237657189835407991,0.321902,0.035073,null,null,-22.0165,25.23523,21.25855,20.68485,20.4346,20.92652,1237657189835407992,0.221524,0.093801,null,null,-19.4933,25.23523,21.25855,20.68485,20.4346,20.92652
1237657071694316204,1237657071694316204,0.351804,0.128511,null,null,-19.6795,24.51868,22.36365,21.59997,21.27682,21.03319,1237657071694316204,0.351804,0.128511,null,null,-19.6795,24.51868,22.36365,21.59997,21.27682,21.03319
1237678617433407789,1237678617433407789,0.234514,0.044734,0.2897662,2.302279E-05,-21.0619,21.65448,20.42036,19.45266,18.99213,18.69191,1237678617433407789,0.234514,0.044734,0.2897662,2.302279E-05,-21.0619,21.65448,20.42036,19.45266,18.99213,18.69191
1237678617433407790,1237678617433407790,0.424965,0.155531,null,null,-21.553,23.01634,21.73839,20.77161,20.17223,20.05889,1237678617433407790,0.424965,0.155531,null,null,-21.553,23.01634,21.73839,20.77161,20.17223,20.05889
1237657191444251293,1237657191444251293,0.560218,0.070484,null,null,-21.15,24.47632,23.41877,21.97248,21.1807,20.44565,1237657191444251293,0.560218,0.070484,null,null,-21.15,24.47632,23.41877,21.97248,21.1807,20.44565
1237663783664550924,1237663783664550923,0.611337,0.05617,null,null,-19.8934,23.88635,24.44864,22.7013,22.17851,21.45631,1237663783664550923,0.611337,0.05617,null,null,-19.8934,23.88635,24.44864,22.7013,22.17851,21.45631
1237657190911050007,1237657190911050007,0.527169,0.034826,null,null,-22.8109,24.64613,22.69693,20.66217,19.67085,19.24235,1237657190911050007,0.527169,0.034826,null,null,-22.8109,24.64613,22.69693,20.66217,19.67085,19.24235
1237657190911050005,1237657190911050007,0.527169,0.034826,null,null,-22.8109,21.42219,20.26813,19.16262,18.73517,18.49171,1237657190911050007,0.527169,0.034826,null,null,-22.8109,21.42219,20.26813,19.16262,18.73517,18.49171
1237666340800037305,1237666340800037295,0.400177,0.059974,null,null,-20.2703,23.99914,21.91206,21.06837,20.62523,20.39241,1237666340800037305,0.346798,0.144549,null,null,-20.4651,23.99914,21.91206,21.06837,20.62523,20.39241
1237663784205091508,1237663784205091508,0.212808,0.143188,null,null,-18.7959,24.20538,22.34983,21.39319,20.90439,21.44426,1237663784205091508,0.212808,0.143188,null,null,-18.7959,24.20538,22.34983,21.39319,20.90439,21.44426
1237663782595658008,1237663782595658009,0.825573,0.192659,null,null,-21.0472,23.81918,22.55785,21.90105,21.37768,21.12606,1237663782595658008,0.639818,0.148657,null,null,-21.7522,23.81918,22.55785,21.90105,21.37768,21.12606
1237666407915979194,1237666407915979192,0.436103,0.039103,null,null,-21.8756,22.26212,20.58014,20.99152,19.33235,22.91265,1237666407915979194,-9999,-9999,null,null,-19.735,22.26212,20.58014,20.99152,19.33235,22.91265
1237666407915979191,1237666407915979191,0.379584,0.025384,0.406893,0.0001760429,-22.8712,24.27378,21.25122,19.18024,18.52998,18.1127,1237666407915979191,0.379584,0.025384,0.406893,0.0001760429,-22.8712,24.27378,21.25122,19.18024,18.52998,18.1127
1237663783671169084,1237663783671169084,-9999,-9999,null,null,-23.3881,30.34972,30.97466,17.21493,23.77547,28.1876,1237663783671169084,-9999,-9999,null,null,-23.3881,30.34972,30.97466,17.21493,23.77547,28.1876
1237663783126761701,1237663783126761701,0.423847,0.075239,null,null,-20.3234,22.28352,22.40624,21.30548,21.1868,20.6579,1237663783126761701,0.423847,0.075239,null,null,-20.3234,22.28352,22.40624,21.30548,21.1868,20.6579
1237663783126761700,1237663783126761700,0.299476,0.120625,null,null,-20.482,22.34737,21.28272,20.56519,20.1534,20.33213,1237663783126761700,0.299476,0.120625,null,null,-20.482,22.34737,21.28272,20.56519,20.1534,20.33213
1237663716016980506,1237663716016980506,0.422108,0.160802,null,null,-20.1537,24.40666,22.70804,22.10191,21.65025,21.51081,1237663716016980506,0.422108,0.160802,null,null,-20.1537,24.40666,22.70804,22.10191,21.65025,21.51081
1237663716016980507,1237663716016980507,0.551723,0.075122,null,null,-21.6473,23.78316,22.59064,21.40791,21.78119,22.39317,1237663716016980507,0.551723,0.075122,null,null,-21.6473,23.78316,22.59064,21.40791,21.78119,22.39317
1237657191446610517,1237657191446610517,0.350068,0.087098,null,null,-21.0462,23.3613,21.33566,20.18672,19.95315,19.46507,1237657191446610516,0.45629,0.103623,null,null,-20.4739,23.3613,21.33566,20.18672,19.95315,19.46507
1237657191447789673,1237657191447789672,0.101109,0.028912,null,null,-20.4792,20.21946,25.06371,24.74216,24.35166,22.7422,1237657191447789672,0.101109,0.028912,null,null,-20.4792,20.21946,25.06371,24.74216,24.35166,22.7422
1237657191447789672,1237657191447789672,0.101109,0.028912,null,null,-20.4792,20.08379,18.52192,17.93154,17.53345,17.34728,1237657191447789672,0.101109,0.028912,null,null,-20.4792,20.08379,18.52192,17.93154,17.53345,17.34728
1237663784743010512,1237663784743011127,0.356682,0.10487,null,null,-18.9271,22.85275,21.66772,21.13426,21.65534,23.33707,1237663784743011127,0.356682,0.10487,null,null,-18.9271,22.85275,21.66772,21.13426,21.65534,23.33707
1237663782596116770,1237663782596116767,0.153196,0.016791,null,null,-21.4661,18.95045,22.61399,28.4963,23.15228,25.55228,1237663782596116768,0.399301,0.091574,null,null,-20.0507,18.95045,22.61399,28.4963,23.15228,25.55228
1237663784744911439,1237663784744911427,0.235651,0.096551,null,null,-19.2073,25.54518,24.11078,23.90072,21.58303,21.24115,1237663784744911427,0.235651,0.096551,null,null,-19.2073,25.54518,24.11078,23.90072,21.58303,21.24115
1237663784744911440,1237663784744911427,0.235651,0.096551,null,null,-19.2073,24.75335,22.3767,21.31769,22.18013,21.32977,1237663784744911427,0.235651,0.096551,null,null,-19.2073,24.75335,22.3767,21.31769,22.18013,21.32977
1237663783671300323,1237663783671300323,0.155422,0.030022,null,null,-20.3337,21.90158,20.07269,19.04522,18.65242,18.36023,1237663783671300324,0.469094,0.116033,null,null,-20.0771,21.90158,20.07269,19.04522,18.65242,18.36023
1237663783136920292,1237663783136920292,0.431352,0.064053,null,null,-20.283,23.41784,23.2258,21.75152,21.53063,21.14447,1237663783136920292,0.431352,0.064053,null,null,-20.283,23.41784,23.2258,21.75152,21.53063,21.14447
1237663783136920291,1237663783136920291,0.734669,0.064313,null,null,-22.8177,22.72156,21.94936,21.17966,20.07744,19.67876,1237663783136920291,0.734669,0.064313,null,null,-22.8177,22.72156,21.94936,21.17966,20.07744,19.67876
1237663783143604556,1237663783143604556,0.520451,0.196029,null,null,-20.9172,22.01874,21.6914,21.24699,21.07086,20.76677,1237663783143604556,0.520451,0.196029,null,null,-20.9172,22.01874,21.6914,21.24699,21.07086,20.76677
1237663783143604557,1237663783143604557,0.741173,0.091625,null,null,-22.2526,23.87033,23.67504,22.31837,21.36479,20.52271,1237663783143604557,0.741173,0.091625,null,null,-22.2526,23.87033,23.67504,22.31837,21.36479,20.52271
1237663783663698846,1237663783663698846,0.429438,0.107519,null,null,-21.0139,23.24032,22.24811,20.99455,20.42229,19.85796,1237663783663698847,0.363233,0.086853,null,null,-20.643,23.24032,22.24811,20.99455,20.42229,19.85796
1237663783663698847,1237663783663698846,0.429438,0.107519,null,null,-21.0139,23.88453,22.6887,21.13094,20.79524,20.90595,1237663783663698847,0.363233,0.086853,null,null,-20.643,23.88453,22.6887,21.13094,20.79524,20.90595
1237657189834686669,1237657189834686668,0.243559,0.03082,null,null,-21.9087,20.84871,19.79852,18.8923,18.54124,18.10614,1237657189834686669,0.293721,0.032305,null,null,-22.2424,20.84871,19.79852,18.8923,18.54124,18.10614
1237663716018750054,1237663716018750054,0.817011,0.053372,null,null,-21.6694,24.48092,24.58756,23.17169,21.79721,21.1424,1237663716018750054,0.817011,0.053372,null,null,-21.6694,24.48092,24.58756,23.17169,21.79721,21.1424
1237663716018750053,1237663716018750053,0.340663,0.02375,null,null,-21.9495,23.44049,21.1542,19.47615,18.90058,18.54693,1237663716018750053,0.340663,0.02375,null,null,-21.9495,23.44049,21.1542,19.47615,18.90058,18.54693
1237663784747926251,1237663784747926240,0.550965,0.179641,null,null,-21.5343,23.46683,23.0853,21.83046,21.16914,21.64805,1237663784747926239,-9999,-9999,null,null,-20.5447,23.46683,23.0853,21.83046,21.16914,21.64805
1237663784747926252,1237663784747926248,0.466446,0.059655,null,null,-21.4043,25.10304,22.0442,22.08311,23.39929,23.29621,1237663784747926248,0.466446,0.059655,null,null,-21.4043,25.10304,22.0442,22.08311,23.39929,23.29621
1237666406845514734,1237666406845514733,0.449905,0.093017,null,null,-20.7287,23.69712,23.45328,22.56644,22.47667,23.32165,1237666406845514733,0.449905,0.093017,null,null,-20.7287,23.69712,23.45328,22.56644,22.47667,23.32165
1237657069547750033,1237657069547750033,0.407905,0.101594,null,null,-20.9281,22.26626,21.51854,20.50006,20.08127,19.95853,1237657069547750033,0.407905,0.101594,null,null,-20.9281,22.26626,21.51854,20.50006,20.08127,19.95853
1237663782599328755,1237663782599328552,0.406766,0.074565,null,null,-20.585,24.21549,22.91197,21.80315,20.96101,21.60349,1237663782599328552,0.406766,0.074565,null,null,-20.585,24.21549,22.91197,21.80315,20.96101,21.60349
1237666407381729544,1237666407381729544,0.360791,0.061122,null,null,-21.5192,21.68923,20.96128,19.9294,19.67748,19.28436,1237666407381729544,0.360791,0.061122,null,null,-21.5192,21.68923,20.96128,19.9294,19.67748,19.28436
1237663784751661548,1237663784751661538,0.326566,0.061306,null,null,-21.2464,23.59181,22.74508,21.44598,20.8928,20.2768,1237663784751661538,0.326566,0.061306,null,null,-21.2464,23.59181,22.74508,21.44598,20.8928,20.2768
1237663784199849122,1237663784199849342,-9999,-9999,null,null,-23.6251,24.269,23.29936,22.23837,21.68669,20.9024,1237663784199849342,-9999,-9999,null,null,-23.6251,24.269,23.29936,22.23837,21.68669,20.9024
1237663204921246255,1237663204921246255,0.368852,0.041211,null,null,-21.5099,25.49704,22.01275,20.40565,19.79774,19.38917,1237663204921246255,0.368852,0.041211,null,null,-21.5099,25.49704,22.01275,20.40565,19.79774,19.38917
1237663784206663907,1237663784206663907,0.121974,0.030355,null,null,-20.6248,20.40631,19.05227,18.35371,17.91853,17.66728,1237663784206663907,0.121974,0.030355,null,null,-20.6248,20.40631,19.05227,18.35371,17.91853,17.66728
1237663783140459435,1237663783140459439,0.54272,0.063592,null,null,-20.2407,24.10204,23.31226,21.55954,21.21152,21.10443,1237663783140459439,0.54272,0.063592,null,null,-20.2407,24.10204,23.31226,21.55954,21.21152,21.10443
1237657587097665717,1237657587097600243,0.32105,0.119974,0.4062172,4.591912E-05,-20.6499,25.90233,21.15277,19.41849,18.73558,18.3518,1237657587097600243,0.32105,0.119974,0.4062172,4.591912E-05,-20.6499,25.90233,21.15277,19.41849,18.73558,18.3518
1237666339187982681,1237666339187982681,0.501684,0.097695,null,null,-20.8014,24.0688,22.86206,21.57917,20.92229,20.84451,1237666339187982681,0.501684,0.097695,null,null,-20.8014,24.0688,22.86206,21.57917,20.92229,20.84451
1237663784203977184,1237663784203977667,0.574626,0.04045,null,null,-21.2216,23.09045,22.75756,21.8012,20.99934,20.5526,1237663784203977667,0.574626,0.04045,null,null,-21.2216,23.09045,22.75756,21.8012,20.99934,20.5526
1237666408457437845,1237666408457437845,0.363572,0.066979,null,null,-21.2985,26.04931,22.10756,20.64084,20.06587,19.75935,1237666408457437845,0.363572,0.066979,null,null,-21.2985,26.04931,22.10756,20.64084,20.06587,19.75935
1237663783142949324,1237663783142949619,0.712541,0.056689,null,null,-21.6909,24.09574,23.74893,22.22116,21.67752,20.96436,1237663783142949619,0.712541,0.056689,null,null,-21.6909,24.09574,23.74893,22.22116,21.67752,20.96436
1237663784200831441,1237663784200831430,0.390833,0.102022,null,null,-20.7488,24.66777,21.94987,20.29447,19.74238,19.24559,1237663784200831430,0.390833,0.102022,null,null,-20.7488,24.66777,21.94987,20.29447,19.74238,19.24559
1237663784200831442,1237663784200831438,0.461779,0.033397,null,null,-22.0946,22.18174,22.37295,21.22478,20.78061,21.12005,1237663784200831438,0.461779,0.033397,null,null,-22.0946,22.18174,22.37295,21.22478,20.78061,21.12005
1237666339190211325,1237666339190211329,0.367204,0.073368,null,null,-18.8506,23.90277,23.4167,22.46231,22.04475,21.18782,1237666339190211329,0.367204,0.073368,null,null,-18.8506,23.90277,23.4167,22.46231,22.04475,21.18782
1237663782602408306,1237663782602409034,0.500734,0.037956,null,null,-21.4324,24.70629,22.25338,21.62554,21.49261,22.18742,1237663782602409034,0.500734,0.037956,null,null,-21.4324,24.70629,22.25338,21.62554,21.49261,22.18742
1237666338653864588,1237666338653864588,0.404752,0.146867,null,null,-20.4851,24.88624,23.46261,22.85283,21.509,22.06006,1237666338653864524,0.348009,0.108948,null,null,-20.437,24.88624,23.46261,22.85283,21.509,22.06006
1237663782602409047,1237663782602409043,0.830894,0.058877,null,null,-22.1009,22.84636,22.81664,21.58069,21.60648,20.56727,1237663782602409043,0.830894,0.058877,null,null,-22.1009,22.84636,22.81664,21.58069,21.60648,20.56727
1237678617433670265,1237678617433670265,0.312207,0.059752,null,null,-21.0659,22.14287,20.98248,20.09054,19.87088,19.59433,1237678617433670265,0.312207,0.059752,null,null,-21.0659,22.14287,20.98248,20.09054,19.87088,19.59433
1237657587097469609,1237657587097469609,0.344177,0.130087,null,null,-20.0486,23.844,22.13043,21.24434,20.88391,20.77081,1237657587097469609,0.344177,0.130087,null,null,-20.0486,23.844,22.13043,21.24434,20.88391,20.77081
1237657587097469608,1237657587097469608,0.164254,0.049723,null,null,-19.4908,21.75444,20.74604,20.19629,19.7777,19.52128,1237657587097469608,0.164254,0.049723,null,null,-19.4908,21.75444,20.74604,20.19629,19.7777,19.52128
1237663716018488357,1237663716018488599,0.815467,0.069572,null,null,-22.5024,23.39133,23.54753,21.97695,22.14253,21.57427,1237663716018488599,0.815467,0.069572,null,null,-22.5024,23.39133,23.54753,21.97695,22.14253,21.57427
1237663785277391528,1237663785277391528,0.387045,0.095974,null,null,-20.0649,22.61695,22.06875,21.19975,20.99005,20.67506,1237663785277391528,0.387045,0.095974,null,null,-20.0649,22.61695,22.06875,21.19975,20.99005,20.67506
1237666339187786213,1237666339187786213,0.404776,0.028388,null,null,-22.2439,22.3816,21.53824,19.77496,19.13043,18.76329,1237666339187786213,0.404776,0.028388,null,null,-22.2439,22.3816,21.53824,19.77496,19.13043,18.76329
1237663204920656485,1237663204920656485,0.202883,0.085749,null,null,-18.8107,22.54265,21.64029,21.13199,21.25837,20.97226,1237663204920656485,0.202883,0.085749,null,null,-18.8107,22.54265,21.64029,21.13199,21.25837,20.97226
1237657069547356604,1237657069547356604,0.437982,0.112852,null,null,-19.5373,22.56443,22.1357,22.01229,21.6831,22.18132,1237657069547356604,0.437982,0.112852,null,null,-19.5373,22.56443,22.1357,22.01229,21.6831,22.18132
1237663783662846256,1237663783662846256,0.982299,0.03673,null,null,-23.1833,24.50484,25.15276,22.46976,21.13908,20.68619,1237663783662846256,0.982299,0.03673,null,null,-23.1833,24.50484,25.15276,22.46976,21.13908,20.68619
1237663783662846255,1237663783662846255,0.243981,0.077584,null,null,-20.9782,21.83902,20.40602,19.52292,19.19425,18.75405,1237663783662846255,0.243981,0.077584,null,null,-20.9782,21.83902,20.40602,19.52292,19.19425,18.75405
1237663783675232546,1237663783675232546,0.860874,0.120618,null,null,-21.4306,21.83805,22.51673,21.87059,22.69291,21.97016,1237663783675232545,0.328364,0.052583,null,null,-21.1728,21.83805,22.51673,21.87059,22.69291,21.97016
1237663783675232544,1237663783675232544,0.267982,0.039387,null,null,-22.0374,21.33745,20.18855,18.99631,18.44222,18.10526,1237663783675232545,0.328364,0.052583,null,null,-21.1728,21.33745,20.18855,18.99631,18.44222,18.10526
1237657586025431232,1237657586025431232,0.488274,0.123877,null,null,-20.5965,23.83686,22.62096,21.94691,21.98189,20.81673,1237657586025431232,0.488274,0.123877,null,null,-20.5965,23.83686,22.62096,21.94691,21.98189,20.81673
1237657587099173037,1237657587099173037,0.254142,0.060454,null,null,-20.7031,20.95485,20.35252,19.78348,19.71309,19.30765,1237657587099173037,0.254142,0.060454,null,null,-20.7031,20.95485,20.35252,19.78348,19.71309,19.30765
1237657587099173039,1237657587099173039,0.491987,0.090772,null,null,-21.1311,22.92236,22.52942,21.32085,20.87841,20.89311,1237657587099173039,0.491987,0.090772,null,null,-21.1311,22.92236,22.52942,21.32085,20.87841,20.89311
1237663783127810591,1237663783127810592,0.443088,0.086115,null,null,-19.2237,24.1927,22.88355,22.37728,21.54823,21.66019,1237663783127810592,0.443088,0.086115,null,null,-19.2237,24.1927,22.88355,22.37728,21.54823,21.66019
1237663782590349922,1237663782590349922,0.764046,0.106326,null,null,-23.3063,24.60918,23.02107,21.2024,20.93065,22.09898,1237663782590349922,0.764046,0.106326,null,null,-23.3063,24.60918,23.02107,21.2024,20.93065,22.09898
1237663782590349921,1237663782590349921,0.363605,0.133509,null,null,-19.3963,23.73531,22.72234,21.99963,21.84682,20.94557,1237663782590349921,0.363605,0.133509,null,null,-19.3963,23.73531,22.72234,21.99963,21.84682,20.94557
1237663784202993794,1237663784202993793,0.178017,0.076258,null,null,-20.0157,24.67078,20.46312,19.3366,18.90544,18.44729,1237663784202993794,0.216919,0.060947,null,null,-20.7469,24.67078,20.46312,19.3366,18.90544,18.44729
1237663784202993793,1237663784202993793,0.178017,0.076258,null,null,-20.0157,20.73946,20.02841,19.61125,19.51794,19.39441,1237663784202993794,0.216919,0.060947,null,null,-20.7469,20.73946,20.02841,19.61125,19.51794,19.39441
1237663782598672859,1237663782598672859,0.278716,0.085402,null,null,-19.6479,22.76133,21.61035,20.82439,20.67775,20.48102,1237663782598672859,0.278716,0.085402,null,null,-19.6479,22.76133,21.61035,20.82439,20.67775,20.48102
1237657071157117553,1237657071157117937,0.542771,0.104977,null,null,-19.6273,24.03815,22.82181,21.29507,20.65982,20.40284,1237657071157117937,0.542771,0.104977,null,null,-19.6273,24.03815,22.82181,21.29507,20.65982,20.40284
1237663782602408189,1237663782602342767,0.32698,0.131377,null,null,-17.7563,27.57718,22.0963,21.43685,22.55852,20.02669,1237663782602342767,0.32698,0.131377,null,null,-17.7563,27.57718,22.0963,21.43685,22.55852,20.02669
1237657191444316938,1237657191444316938,0.310987,0.119365,null,null,-20.4066,22.42168,21.39052,20.25056,19.91133,20.32594,1237657191444316938,0.310987,0.119365,null,null,-20.4066,22.42168,21.39052,20.25056,19.91133,20.32594
1237657191444317142,1237657191444316938,0.310987,0.119365,null,null,-20.4066,23.67691,23.7996,21.98872,21.22244,20.33371,1237657191444316938,0.310987,0.119365,null,null,-20.4066,23.67691,23.7996,21.98872,21.22244,20.33371
1237663784739864962,1237663784739864957,0.325824,0.119327,null,null,-18.976,22.42748,22.37782,22.03556,21.08981,21.02115,1237663784739864957,0.325824,0.119327,null,null,-18.976,22.42748,22.37782,22.03556,21.08981,21.02115
1237678617426985638,1237678617426985638,0.767155,0.093231,null,null,-22.5271,22.08427,21.71524,20.88941,20.71146,21.56714,1237678617426985638,0.767155,0.093231,null,null,-22.5271,22.08427,21.71524,20.88941,20.71146,21.56714
1237666407915979149,1237666407915978821,0.113364,0.032449,null,null,-20.5844,24.87671,22.62949,21.66007,21.49882,21.56434,1237666407915978821,0.113364,0.032449,null,null,-20.5844,24.87671,22.62949,21.66007,21.49882,21.56434
1237657069547750024,1237657069547750024,0.354465,0.113246,null,null,-19.1489,25.66854,23.18489,22.45178,22.22978,21.62266,1237657069547750024,0.354465,0.113246,null,null,-19.1489,25.66854,23.18489,22.45178,22.22978,21.62266
1237657071159477130,1237657071159410823,0.09759,0.044995,null,null,-18.2681,24.15327,23.33436,22.16654,21.93867,21.57137,1237657071159477130,0.3829,0.092779,null,null,-19.6085,24.15327,23.33436,22.16654,21.93867,21.57137
1237663784748581455,1237663784748581438,0.222297,0.132247,null,null,-19.7509,24.04317,22.8127,23.7975,23.40652,21.29634,1237663784748581438,0.222297,0.132247,null,null,-19.7509,24.04317,22.8127,23.7975,23.40652,21.29634
1237666407921812134,1237666407921812134,0.848987,0.125848,null,null,-21.1529,24.4017,23.6207,22.09564,21.69614,22.64843,1237666407921812134,0.848987,0.125848,null,null,-21.1529,24.4017,23.6207,22.09564,21.69614,22.64843
1237678617432359356,1237678617432359356,0.335503,0.055287,null,null,-21.2565,23.73779,21.81341,20.23232,19.72552,19.3866,1237678617432359356,0.335503,0.055287,null,null,-21.2565,23.73779,21.81341,20.23232,19.72552,19.3866
1237666407921090661,1237666407921090645,0.15256,0.01518,null,null,-21.8782,21.18607,19.34901,18.36252,17.89869,17.63313,1237666407921090661,0.152556,0.026558,null,null,-20.9824,21.18607,19.34901,18.36252,17.89869,17.63313
1237666338115486049,1237666338115486049,0.428185,0.176134,null,null,-20.192,23.978,22.3738,22.07498,22.22297,21.67292,1237666338115486048,0.33215,0.057925,null,null,-21.2927,23.978,22.3738,22.07498,22.22297,21.67292
1237666338115486048,1237666338115486049,0.428185,0.176134,null,null,-20.192,21.68364,20.8837,19.86304,19.46344,19.15098,1237666338115486048,0.33215,0.057925,null,null,-21.2927,21.68364,20.8837,19.86304,19.46344,19.15098
1237657190906921766,1237657190906921766,0.491725,0.109353,null,null,-20.8284,25.67205,23.32863,21.8847,21.2296,20.8854,1237657190906921766,0.491725,0.109353,null,null,-20.8284,25.67205,23.32863,21.8847,21.2296,20.8854
1237678617426985964,1237678617426985964,0.672102,0.050639,null,null,-21.4864,24.01845,24.21229,22.52696,21.46467,20.98175,1237678617426985964,0.672102,0.050639,null,null,-21.4864,24.01845,24.21229,22.52696,21.46467,20.98175
1237678617426985963,1237678617426985963,0.525494,0.026183,null,null,-21.9782,26.60973,23.0274,21.0256,20.04351,19.66187,1237678617426985963,0.525494,0.026183,null,null,-21.9782,26.60973,23.0274,21.0256,20.04351,19.66187
1237657190914458170,1237657190914458170,0.06072,0.142455,null,null,-15.2622,23.16601,22.18856,22.01529,22.25947,22.53192,1237657190914458169,0.509122,0.097095,null,null,-21.5393,23.16601,22.18856,22.01529,22.25947,22.53192
1237657190914458169,1237657190914458170,0.06072,0.142455,null,null,-15.2622,23.16925,22.26571,21.15615,20.44014,19.86481,1237657190914458169,0.509122,0.097095,null,null,-21.5393,23.16925,22.26571,21.15615,20.44014,19.86481
1237663783678116532,1237663783678116532,-9999,-9999,null,null,-16.4337,26.05658,22.02063,25.16858,24.46946,23.69239,1237663783678116532,-9999,-9999,null,null,-16.4337,26.05658,22.02063,25.16858,24.46946,23.69239
1237657191445954779,1237657191445954778,0.307221,0.036267,null,null,-21.3908,24.6111,21.99933,20.56214,19.93535,19.74369,1237657191445954779,0.367922,0.072077,null,null,-21.2981,24.6111,21.99933,20.56214,19.93535,19.74369
1237663784207581257,1237663784207581254,0.985655,0.142503,null,null,-18.7896,25.23661,26.60372,22.39421,24.36198,23.66508,1237663784207581258,-9999,-9999,null,null,-19.06,25.23661,26.60372,22.39421,24.36198,23.66508
1237666407921811816,1237666407921811816,0.19744,0.075508,null,null,-19.8242,22.73285,20.98558,20.19719,19.84792,19.64082,1237666407921811816,0.19744,0.075508,null,null,-19.8242,22.73285,20.98558,20.19719,19.84792,19.64082
1237663278465351975,1237663278465351975,0.187171,0.074607,null,null,-19.6126,21.34078,20.65021,20.25686,19.94234,19.83427,1237663278465351975,0.187171,0.074607,null,null,-19.6126,21.34078,20.65021,20.25686,19.94234,19.83427
1237657192516551196,1237657192516551196,0.403224,0.07824,null,null,-21.3931,26.23044,22.0171,20.57193,19.97831,19.35163,1237657192516551196,0.403224,0.07824,null,null,-21.3931,26.23044,22.0171,20.57193,19.97831,19.35163
1237657190906921925,1237657190906921347,0.495883,0.131576,null,null,-20.0124,25.40666,24.25768,22.89116,21.77339,22.15561,1237657190906921347,0.495883,0.131576,null,null,-20.0124,25.40666,24.25768,22.89116,21.77339,22.15561
1237678433791378113,1237678433791378093,0.259652,0.123556,null,null,-20.1062,24.85187,21.91777,21.03079,20.78855,20.61787,1237678433791378094,-9999,-9999,null,null,-19.8561,24.85187,21.91777,21.03079,20.78855,20.61787
1237656971300372923,1237656971300372923,0.38194,0.087958,null,null,-19.6564,22.86939,22.37328,21.63946,21.68569,20.93775,1237656971300372923,0.38194,0.087958,null,null,-19.6564,22.86939,22.37328,21.63946,21.68569,20.93775
1237663782592840526,1237663782592840526,0.123046,0.051683,null,null,-19.7952,21.75483,19.80584,19.11615,18.79965,18.51846,1237663782592840526,0.123046,0.051683,null,null,-19.7952,21.75483,19.80584,19.11615,18.79965,18.51846
1237663204920460015,1237663204920460015,0.613081,0.202752,null,null,-20.9162,22.89207,21.88091,21.49572,21.20923,20.34055,1237663204920460005,0.466854,0.041464,null,null,-21.4905,22.89207,21.88091,21.49572,21.20923,20.34055
1237663783131742806,1237663783131742806,0.483461,0.05639,null,null,-22.1343,25.64473,21.84965,20.464,19.71153,19.15446,1237663783131742806,0.483461,0.05639,null,null,-22.1343,25.64473,21.84965,20.464,19.71153,19.15446
1237663784205616142,1237663784205616138,-9999,-9999,null,null,-17.8862,23.18807,23.69151,22.58166,22.46329,21.45991,1237663784205616138,-9999,-9999,null,null,-17.8862,23.18807,23.69151,22.58166,22.46329,21.45991
1237663783144719243,1237663783144718595,0.104764,0.015804,null,null,-21.5896,23.18364,22.74877,21.33305,21.79185,20.52237,1237663783144718595,0.104764,0.015804,null,null,-21.5896,23.18364,22.74877,21.33305,21.79185,20.52237
1237663784207581254,1237663784207581262,-9999,-9999,null,null,-20.5335,24.41887,25.11437,24.80201,23.75475,22.82689,1237663784207581254,0.985655,0.142503,null,null,-18.7896,24.41887,25.11437,24.80201,23.75475,22.82689
1237678617972113584,1237678617972113582,0.107844,0.027636,null,null,-20.3626,21.58458,19.88292,19.25877,18.93406,18.72812,1237678617972113583,0.125245,0.038665,null,null,-19.599,21.58458,19.88292,19.25877,18.93406,18.72812
1237666407921811591,1237666407921811591,0.148056,0.017503,0.1652076,1.529005E-05,-22.335,19.33158,18.00513,17.14343,16.71247,16.41084,1237666407921811592,-9999,-9999,0.1652076,1.529005E-05,-18.744,19.33158,18.00513,17.14343,16.71247,16.41084
1237663204921246247,1237663204921246246,0.4315,0.031659,null,null,-21.8045,24.1415,23.49757,21.75329,20.83672,20.82178,1237663204921246247,0.487947,0.050262,null,null,-21.0563,24.1415,23.49757,21.75329,20.83672,20.82178
1237663204921246246,1237663204921246246,0.4315,0.031659,null,null,-21.8045,23.91627,22.4257,20.61723,19.91609,19.38988,1237663204921246247,0.487947,0.050262,null,null,-21.0563,23.91627,22.4257,20.61723,19.91609,19.38988
1237663784751661539,1237663784751661538,0.326566,0.061306,null,null,-21.2464,25.03936,24.14866,23.01995,21.71391,21.31703,1237663784751661538,0.326566,0.061306,null,null,-21.2464,25.03936,24.14866,23.01995,21.71391,21.31703
1237645943979180562,1237645943979180564,0.362038,0.0785,null,null,-22.2247,24.43213,21.96273,20.36024,19.97528,19.50556,1237645943979180564,0.362038,0.0785,null,null,-22.2247,24.43213,21.96273,20.36024,19.97528,19.50556
1237645943979180561,1237645943979180564,0.362038,0.0785,null,null,-22.2247,25.65682,23.13849,21.14917,20.50535,20.08637,1237645943979180564,0.362038,0.0785,null,null,-22.2247,25.65682,23.13849,21.14917,20.50535,20.08637
1237678617432752296,1237678617432752295,0.189287,0.033702,null,null,-20.6437,21.40448,20.18737,19.31927,18.68273,18.4491,1237678617432752296,0.203288,0.06324,null,null,-21.0665,21.40448,20.18737,19.31927,18.68273,18.4491
1237663204923081071,1237663204923081062,0.403284,0.122305,null,null,-21.1826,23.46181,21.48412,20.55267,23.71907,20.35352,1237663204923081062,0.403284,0.122305,null,null,-21.1826,23.46181,21.48412,20.55267,23.71907,20.35352
1237663204923081072,1237663204923081062,0.403284,0.122305,null,null,-21.1826,23.80744,23.46632,22.83922,21.92547,22.61448,1237663204923081062,0.403284,0.122305,null,null,-21.1826,23.80744,23.46632,22.83922,21.92547,22.61448
1237663782589956275,1237663782589956274,0.224323,0.036326,null,null,-21.4322,24.46734,21.51565,20.09658,19.72913,19.52645,1237663782589956274,0.224323,0.036326,null,null,-21.4322,24.46734,21.51565,20.09658,19.72913,19.52645
1237660239777563291,1237660239777562882,0.063125,0.022648,null,null,-20.0209,22.0731,21.4675,20.81249,21.09056,20.27046,1237660239777562882,0.063125,0.022648,null,null,-20.0209,22.0731,21.4675,20.81249,21.09056,20.27046
1237663784751465120,1237663784751465433,0.36601,0.090446,null,null,-18.6501,23.97153,22.9575,20.93611,20.07542,19.30621,1237663784751465433,0.36601,0.090446,null,null,-18.6501,23.97153,22.9575,20.93611,20.07542,19.30621
1237678433254769308,1237678433254769308,0.553378,0.036268,null,null,-21.9288,23.45137,23.28753,21.06201,20.01747,19.59516,1237678433254769308,0.553378,0.036268,null,null,-21.9288,23.45137,23.28753,21.06201,20.01747,19.59516
1237666407917682854,1237666407917682854,0.227089,0.038956,null,null,-21.3059,22.01185,20.39368,19.08833,18.60148,18.26747,1237666407917682854,0.227089,0.038956,null,null,-21.3059,22.01185,20.39368,19.08833,18.60148,18.26747
1237663784739996013,1237663784739996013,0.382015,0.09676,null,null,-20.6263,21.82702,21.41622,20.74844,20.53776,20.32393,1237663784739996013,0.382015,0.09676,null,null,-20.6263,21.82702,21.41622,20.74844,20.53776,20.32393
1237657069547422218,1237657069547422218,0.34205,0.104864,null,null,-21.302,23.56736,21.55882,20.34888,19.77423,19.42136,1237657069547422218,0.34205,0.104864,null,null,-21.302,23.56736,21.55882,20.34888,19.77423,19.42136
1237663237669323231,1237663237669323454,0.999926,0.134447,null,null,-21.4008,22.7487,23.20078,21.97351,20.93456,20.4745,1237663237669323454,0.999926,0.134447,null,null,-21.4008,22.7487,23.20078,21.97351,20.93456,20.4745
